plate,camera_id,location,timestamp_utc,pts_ms,ocr_confidence,detector_confidence,watchlist_alert,note
IJ,cam03,03 O.N.G.C. Office,2026-09-04 17:48:37 UTC,371876,0.436,0.455,,
493,cam03,03 O.N.G.C. Office,2026-09-04 17:57:33 UTC,908430,0.506,0.472,,
UO6,cam03,03 O.N.G.C. Office,2026-09-04 17:59:18 UTC,1013716,0.486,0.610,,
50,cam02,02 Janpath,2026-09-04 18:07:57 UTC,1535730,0.885,0.766,,
SUIHCARL,cam02,02 Janpath,2026-09-04 18:07:58 UTC,1538554,0.492,0.624,,
SOUIH0,cam02,02 Janpath,2026-09-04 18:07:58 UTC,1538554,0.584,0.401,,
UO,cam03,03 O.N.G.C. Office,2026-09-04 18:11:09 UTC,1726806,0.451,0.488,,
O,cam03,03 O.N.G.C. Office,2026-09-04 18:11:26 UTC,1743100,0.479,0.492,,
UO,cam03,03 O.N.G.C. Office,2026-09-04 18:33:30 UTC,3066243,0.489,0.583,,
EJ0,cam01,01 Chiman bhai Bridge,2026-09-04 18:44:27 UTC,3731760,0.422,0.602,,
AOU,cam03,03 O.N.G.C. Office,2026-09-04 18:48:28 UTC,3965113,0.635,0.421,,
6,cam03,03 O.N.G.C. Office,2026-09-04 18:59:08 UTC,4608306,0.467,0.469,,
WO,cam03,03 O.N.G.C. Office,2026-09-04 19:01:42 UTC,4756703,0.411,0.602,,
S,cam12,12 Tri Mandir Adalaj Tollnaka,2026-09-04 22:59:03 UTC,9606025,0.920,0.463,,
6346581555,cam12,12 Tri Mandir Adalaj Tollnaka,2026-09-04 23:40:02 UTC,12062425,0.601,0.547,,
RJ4EEATS55,cam12,12 Tri Mandir Adalaj Tollnaka,2026-09-04 23:40:12 UTC,12072475,0.643,0.614,,
RJ46E41555,cam12,12 Tri Mandir Adalaj Tollnaka,2026-09-04 23:40:39 UTC,12100425,0.909,0.597,,
1,cam12,12 Tri Mandir Adalaj Tollnaka,2026-09-05 00:13:52 UTC,14095925,0.637,0.581,,
CTTEDRORE,cam12,12 Tri Mandir Adalaj Tollnaka,2026-09-05 00:32:03 UTC,15189575,0.585,0.514,,
E227176778,cam12,12 Tri Mandir Adalaj Tollnaka,2026-09-05 00:36:45 UTC,15463675,0.675,0.562,,
RATBE2B,cam12,12 Tri Mandir Adalaj Tollnaka,2026-09-05 00:40:18 UTC,15669675,0.747,0.469,,
CJ57,cam12,12 Tri Mandir Adalaj Tollnaka,2026-09-05 00:40:40 UTC,15699975,0.419,0.548,,
UAL,cam12,12 Tri Mandir Adalaj Tollnaka,2026-09-05 00:43:52 UTC,15893375,0.582,0.502,,
P8041F9815NAFE,cam12,12 Tri Mandir Adalaj Tollnaka,2026-09-05 00:49:30 UTC,16228756,0.775,0.635,,
EUPB3R40KHPEEDT2692,cam12,12 Tri Mandir Adalaj Tollnaka,2026-09-05 00:55:39 UTC,16603706,0.695,0.541,,
GJIBR19828,cam12,12 Tri Mandir Adalaj Tollnaka,2026-09-05 01:00:05 UTC,16865356,0.945,0.422,,
G3DHT05634,cam12,12 Tri Mandir Adalaj Tollnaka,2026-09-05 01:08:31 UTC,17373406,0.683,0.627,,
0T1T05614,cam12,12 Tri Mandir Adalaj Tollnaka,2026-09-05 01:10:47 UTC,17507406,0.582,0.464,,
022T05634,cam12,12 Tri Mandir Adalaj Tollnaka,2026-09-05 01:10:53 UTC,17515406,0.757,0.590,,
5327T05634,cam12,12 Tri Mandir Adalaj Tollnaka,2026-09-05 01:11:02 UTC,17525306,0.909,0.662,,
GJ27T05634,cam12,12 Tri Mandir Adalaj Tollnaka,2026-09-05 01:11:32 UTC,17551306,0.887,0.660,,
RTY,cam12,12 Tri Mandir Adalaj Tollnaka,2026-09-05 01:12:07 UTC,17587106,0.458,0.424,,
CS,cam12,12 Tri Mandir Adalaj Tollnaka,2026-09-05 01:16:08 UTC,17829306,0.633,0.535,,
GJ05AU9828,cam12,12 Tri Mandir Adalaj Tollnaka,2026-09-05 01:16:09 UTC,17833306,0.959,0.456,YES,
EGOAL69089,cam12,12 Tri Mandir Adalaj Tollnaka,2026-09-05 01:28:14 UTC,18554856,0.707,0.580,,
69092,cam12,12 Tri Mandir Adalaj Tollnaka,2026-09-05 01:28:15 UTC,18558906,0.544,0.611,,
1,cam12,12 Tri Mandir Adalaj Tollnaka,2026-09-05 01:30:09 UTC,18670856,0.831,0.579,,
10OC0,cam12,12 Tri Mandir Adalaj Tollnaka,2026-09-05 01:30:49 UTC,18712706,0.529,0.402,,
EV2807,cam12,12 Tri Mandir Adalaj Tollnaka,2026-09-05 01:42:04 UTC,19388856,0.884,0.419,,
8V2807,cam12,12 Tri Mandir Adalaj Tollnaka,2026-09-05 01:42:05 UTC,19391356,0.866,0.475,,
BV2807,cam12,12 Tri Mandir Adalaj Tollnaka,2026-09-05 01:42:07 UTC,19391656,0.935,0.481,,
BV2807,cam12,12 Tri Mandir Adalaj Tollnaka,2026-09-05 01:42:10 UTC,19391906,0.900,0.491,,
8V2807,cam12,12 Tri Mandir Adalaj Tollnaka,2026-09-05 01:42:20 UTC,19404856,0.857,0.494,,
Y2359,cam12,12 Tri Mandir Adalaj Tollnaka,2026-09-05 01:46:15 UTC,19643056,0.730,0.638,,
DULRMI124B2318,cam12,12 Tri Mandir Adalaj Tollnaka,2026-09-05 01:49:28 UTC,19834956,0.650,0.440,,
MULRMI12482318,cam12,12 Tri Mandir Adalaj Tollnaka,2026-09-05 01:49:30 UTC,19835556,0.618,0.457,,
000203973,cam12,12 Tri Mandir Adalaj Tollnaka,2026-09-05 01:52:17 UTC,20002181,0.934,0.409,,
RJ090F1195,cam12,12 Tri Mandir Adalaj Tollnaka,2026-09-05 01:54:45 UTC,20146181,0.838,0.585,,
3J0ZBT5997,cam12,12 Tri Mandir Adalaj Tollnaka,2026-09-05 01:58:56 UTC,20400281,0.725,0.528,,
GJOZBT8997,cam12,12 Tri Mandir Adalaj Tollnaka,2026-09-05 01:59:13 UTC,20412181,0.914,0.505,,
1,cam12,12 Tri Mandir Adalaj Tollnaka,2026-09-05 02:05:39 UTC,20804081,0.405,0.460,,
1,cam12,12 Tri Mandir Adalaj Tollnaka,2026-09-05 02:06:18 UTC,20840181,0.617,0.440,,
12371,cam12,12 Tri Mandir Adalaj Tollnaka,2026-09-05 04:21:36 UTC,28960906,0.862,0.414,,
12371,cam12,12 Tri Mandir Adalaj Tollnaka,2026-09-05 04:21:36 UTC,28961406,0.917,0.404,,
1,cam12,12 Tri Mandir Adalaj Tollnaka,2026-09-05 04:27:52 UTC,29332132,0.449,0.491,,
0001V9784,cam12,12 Tri Mandir Adalaj Tollnaka,2026-09-05 05:27:24 UTC,32900782,0.919,0.613,,
0001V9794,cam12,12 Tri Mandir Adalaj Tollnaka,2026-09-05 05:29:08 UTC,33002682,0.881,0.610,,
R1158010,cam12,12 Tri Mandir Adalaj Tollnaka,2026-09-05 05:30:57 UTC,33112682,0.664,0.536,,
SNLI,cam12,12 Tri Mandir Adalaj Tollnaka,2026-09-05 05:33:27 UTC,33266032,0.557,0.497,,
16006,cam12,12 Tri Mandir Adalaj Tollnaka,2026-09-05 05:40:46 UTC,33699732,0.751,0.509,,
GJ,cam06,06 Timbavadi gate-Junagadh,2026-09-05 05:45:12 UTC,72,0.946,0.424,,
R11T,cam06,06 Timbavadi gate-Junagadh,2026-09-05 05:46:15 UTC,90,0.419,0.602,,
GJ098L3843,cam22,28 BK Mervada tran Rasta,2026-09-05 05:48:32 UTC,8,0.955,0.620,,
6142040,cam06,06 Timbavadi gate-Junagadh,2026-09-05 05:48:52 UTC,134,0.701,0.548,,
GJ12005869,cam22,28 BK Mervada tran Rasta,2026-09-05 05:50:10 UTC,36,0.961,0.633,,
ONEHEEX,cam12,12 Tri Mandir Adalaj Tollnaka,2026-09-05 05:50:48 UTC,34294832,0.543,0.638,,
GJ00002379,cam22,28 BK Mervada tran Rasta,2026-09-05 05:51:22 UTC,56,0.944,0.607,,
6J08AY3301,cam22,28 BK Mervada tran Rasta,2026-09-05 05:52:32 UTC,78,0.957,0.738,,
GJ18GB1371,cam22,28 BK Mervada tran Rasta,2026-09-05 05:52:55 UTC,85,0.960,0.617,,
GJ01BK9850,cam06,06 Timbavadi gate-Junagadh,2026-09-05 05:53:32 UTC,211,0.970,0.682,,
GJ01KB5765,cam06,06 Timbavadi gate-Junagadh,2026-09-05 05:55:02 UTC,237,0.899,0.609,,
GJ31,cam12,12 Tri Mandir Adalaj Tollnaka,2026-09-05 05:56:11 UTC,34628682,0.563,0.614,,
GJA1157,cam12,12 Tri Mandir Adalaj Tollnaka,2026-09-05 05:56:17 UTC,34629282,0.932,0.616,,
GJA1157,cam12,12 Tri Mandir Adalaj Tollnaka,2026-09-05 05:56:18 UTC,34629532,0.943,0.618,,
083,cam06,06 Timbavadi gate-Junagadh,2026-09-05 05:57:02 UTC,271,0.886,0.596,,
RJ20CF2562,cam22,28 BK Mervada tran Rasta,2026-09-05 05:57:04 UTC,158,0.997,0.609,,
GJ02DE7397,cam22,28 BK Mervada tran Rasta,2026-09-05 05:59:19 UTC,197,0.998,0.654,,
6J11C09932,cam06,06 Timbavadi gate-Junagadh,2026-09-05 06:00:39 UTC,334,0.940,0.589,,
GJ01KJ5028,cam22,28 BK Mervada tran Rasta,2026-09-05 06:01:11 UTC,230,0.998,0.617,,
4EOSGJ11C09932408,cam06,06 Timbavadi gate-Junagadh,2026-09-05 06:01:11 UTC,341,0.597,0.583,,
G117009992,cam06,06 Timbavadi gate-Junagadh,2026-09-05 06:01:58 UTC,355,0.701,0.460,,
DL4CA04678,cam22,28 BK Mervada tran Rasta,2026-09-05 06:02:25 UTC,253,0.957,0.615,,
GJ08NG3852,cam22,28 BK Mervada tran Rasta,2026-09-05 06:02:31 UTC,255,0.873,0.578,,
6J03F10419,cam06,06 Timbavadi gate-Junagadh,2026-09-05 06:02:43 UTC,368,0.621,0.407,,
GJ03MB7213,cam06,06 Timbavadi gate-Junagadh,2026-09-05 06:03:00 UTC,373,0.960,0.601,,
GJ32AG0028,cam06,06 Timbavadi gate-Junagadh,2026-09-05 06:03:01 UTC,373,0.846,0.566,,
GJ24AF3761,cam22,28 BK Mervada tran Rasta,2026-09-05 06:03:39 UTC,273,0.995,0.681,,
HH03DV1858,cam22,28 BK Mervada tran Rasta,2026-09-05 06:04:36 UTC,290,0.909,0.679,,
GJ06PG7144J,cam22,28 BK Mervada tran Rasta,2026-09-05 06:04:53 UTC,295,0.964,0.500,,
6J45439,cam06,06 Timbavadi gate-Junagadh,2026-09-05 06:05:09 UTC,409,0.584,0.451,,
GJ03M87213,cam06,06 Timbavadi gate-Junagadh,2026-09-05 06:05:47 UTC,419,0.945,0.636,,
GJ115A0232,cam06,06 Timbavadi gate-Junagadh,2026-09-05 06:05:48 UTC,419,0.913,0.496,,
GJ03MB7213,cam06,06 Timbavadi gate-Junagadh,2026-09-05 06:06:09 UTC,426,0.874,0.646,,
FGJ03M87213,cam06,06 Timbavadi gate-Junagadh,2026-09-05 06:06:18 UTC,428,0.875,0.598,,
GJO2EA2T08,cam22,28 BK Mervada tran Rasta,2026-09-05 06:06:18 UTC,320,0.687,0.430,,
GJ03N7213,cam06,06 Timbavadi gate-Junagadh,2026-09-05 06:06:43 UTC,433,0.564,0.609,,
GJ03M97213,cam06,06 Timbavadi gate-Junagadh,2026-09-05 06:06:45 UTC,436,0.874,0.618,,
PGJ03MM7213,cam06,06 Timbavadi gate-Junagadh,2026-09-05 06:06:47 UTC,436,0.688,0.602,,
6J10GRRAN,cam06,06 Timbavadi gate-Junagadh,2026-09-05 06:07:10 UTC,444,0.577,0.641,,
GJ03N37213,cam06,06 Timbavadi gate-Junagadh,2026-09-05 06:07:11 UTC,444,0.955,0.639,,
6J088N5641,cam22,28 BK Mervada tran Rasta,2026-09-05 06:07:14 UTC,336,0.930,0.579,,
GJ03N37213,cam06,06 Timbavadi gate-Junagadh,2026-09-05 06:07:14 UTC,445,0.833,0.640,,
6313RIM,cam06,06 Timbavadi gate-Junagadh,2026-09-05 06:07:15 UTC,445,0.466,0.629,,
GJ03N87213,cam06,06 Timbavadi gate-Junagadh,2026-09-05 06:07:41 UTC,453,0.862,0.639,,
GJ03N97213,cam06,06 Timbavadi gate-Junagadh,2026-09-05 06:07:43 UTC,453,0.834,0.582,,
PGJDGN87213,cam06,06 Timbavadi gate-Junagadh,2026-09-05 06:08:02 UTC,457,0.751,0.543,,
EGJ03MB7213,cam06,06 Timbavadi gate-Junagadh,2026-09-05 06:08:04 UTC,457,0.595,0.621,,
G1SARA,cam06,06 Timbavadi gate-Junagadh,2026-09-05 06:08:53 UTC,471,0.502,0.418,,
GJ03MB7213,cam06,06 Timbavadi gate-Junagadh,2026-09-05 06:08:55 UTC,472,0.828,0.628,,
GJ03M97213,cam06,06 Timbavadi gate-Junagadh,2026-09-05 06:08:57 UTC,472,0.851,0.611,,
108,cam22,28 BK Mervada tran Rasta,2026-09-05 06:09:08 UTC,369,0.950,0.753,,
GJ11CL9466,cam06,06 Timbavadi gate-Junagadh,2026-09-05 06:09:29 UTC,481,0.940,0.645,,
EIZLNEG3,cam06,06 Timbavadi gate-Junagadh,2026-09-05 06:09:30 UTC,481,0.603,0.628,,
1090A05,cam22,28 BK Mervada tran Rasta,2026-09-05 06:10:01 UTC,384,0.889,0.485,,
GJ16BG2786,cam22,28 BK Mervada tran Rasta,2026-09-05 06:10:06 UTC,385,0.983,0.649,,
0022179,cam22,28 BK Mervada tran Rasta,2026-09-05 06:10:12 UTC,387,0.743,0.523,,
GJ03M87213,cam06,06 Timbavadi gate-Junagadh,2026-09-05 06:10:40 UTC,501,0.910,0.625,,
FGJ03M87213,cam06,06 Timbavadi gate-Junagadh,2026-09-05 06:10:41 UTC,503,0.922,0.626,,
GJ08DP1172,cam22,28 BK Mervada tran Rasta,2026-09-05 06:12:32 UTC,430,0.989,0.642,,
0J08K6180,cam22,28 BK Mervada tran Rasta,2026-09-05 06:12:34 UTC,431,0.752,0.515,,
610810N258,cam22,28 BK Mervada tran Rasta,2026-09-05 06:12:57 UTC,436,0.825,0.629,,
GJ01RE0022,cam22,28 BK Mervada tran Rasta,2026-09-05 06:13:10 UTC,440,0.983,0.675,,
PUP16,cam22,28 BK Mervada tran Rasta,2026-09-05 06:13:49 UTC,450,0.680,0.494,,
UP16BH4196,cam22,28 BK Mervada tran Rasta,2026-09-05 06:13:51 UTC,451,0.953,0.633,,
GJ3ZAG0028,cam06,06 Timbavadi gate-Junagadh,2026-09-05 06:14:02 UTC,557,0.938,0.709,,
GJ02DP1709,cam22,28 BK Mervada tran Rasta,2026-09-05 06:14:24 UTC,461,0.939,0.637,,
GJ08BB3420,cam22,28 BK Mervada tran Rasta,2026-09-05 06:16:22 UTC,495,0.981,0.604,,
GJ27CF6002,cam22,28 BK Mervada tran Rasta,2026-09-05 06:16:47 UTC,504,1.000,0.626,,
GJ08BN0077,cam22,28 BK Mervada tran Rasta,2026-09-05 06:17:59 UTC,524,0.854,0.580,,
GJ08BS2556,cam22,28 BK Mervada tran Rasta,2026-09-05 06:18:29 UTC,533,0.965,0.685,,
GJ2832AGOC,cam06,06 Timbavadi gate-Junagadh,2026-09-05 06:18:49 UTC,639,0.949,0.692,,
CE0B0L1,cam22,28 BK Mervada tran Rasta,2026-09-05 06:19:00 UTC,541,0.553,0.656,,
GJ02DN7462,cam22,28 BK Mervada tran Rasta,2026-09-05 06:19:02 UTC,542,0.922,0.563,,
GJ08AP5947,cam22,28 BK Mervada tran Rasta,2026-09-05 06:20:12 UTC,562,0.997,0.601,,
GJ08AP5947,cam22,28 BK Mervada tran Rasta,2026-09-05 06:20:16 UTC,562,0.994,0.632,,
GO080H1293,cam22,28 BK Mervada tran Rasta,2026-09-05 06:20:34 UTC,567,0.789,0.626,,
A118211188,cam22,28 BK Mervada tran Rasta,2026-09-05 06:20:41 UTC,569,0.759,0.685,,
GJ32AA4855,cam06,06 Timbavadi gate-Junagadh,2026-09-05 06:20:45 UTC,669,0.997,0.656,,
GJOBDHG,cam22,28 BK Mervada tran Rasta,2026-09-05 06:23:12 UTC,613,0.728,0.603,,
GJ01HY5808,cam22,28 BK Mervada tran Rasta,2026-09-05 06:24:49 UTC,643,0.912,0.674,,
GJ08DP5116,cam22,28 BK Mervada tran Rasta,2026-09-05 06:24:54 UTC,645,0.985,0.658,,
RJ24GA3342,cam22,28 BK Mervada tran Rasta,2026-09-05 06:25:18 UTC,650,0.963,0.450,,
GJ11CH9989,cam06,06 Timbavadi gate-Junagadh,2026-09-05 06:25:19 UTC,743,0.999,0.576,,
GJ08DP8780,cam22,28 BK Mervada tran Rasta,2026-09-05 06:25:26 UTC,651,0.955,0.658,,
1703686J2,cam06,06 Timbavadi gate-Junagadh,2026-09-05 06:26:54 UTC,771,0.866,0.425,,
GJ08DP4618,cam22,28 BK Mervada tran Rasta,2026-09-05 06:27:28 UTC,687,0.998,0.663,,
RJ27CR3745,cam06,06 Timbavadi gate-Junagadh,2026-09-05 06:27:47 UTC,788,1.000,0.606,,
DOLEAM,cam22,28 BK Mervada tran Rasta,2026-09-05 06:27:51 UTC,695,0.456,0.488,,
GJ11BH9494,cam06,06 Timbavadi gate-Junagadh,2026-09-05 06:28:07 UTC,792,0.997,0.669,,
RJ27CR3745,cam06,06 Timbavadi gate-Junagadh,2026-09-05 06:28:08 UTC,792,1.000,0.660,,
GJ05JL2253,cam22,28 BK Mervada tran Rasta,2026-09-05 06:28:21 UTC,703,0.996,0.667,,
ILL8BA,cam06,06 Timbavadi gate-Junagadh,2026-09-05 06:28:21 UTC,798,0.421,0.483,,
GJ08BN9797,cam22,28 BK Mervada tran Rasta,2026-09-05 06:29:16 UTC,720,0.962,0.689,,
GJT1TT5642,cam06,06 Timbavadi gate-Junagadh,2026-09-05 06:29:21 UTC,812,0.865,0.450,,
GJ278E7639,cam22,28 BK Mervada tran Rasta,2026-09-05 06:30:00 UTC,733,0.973,0.631,,
GJ01DZ8295,cam22,28 BK Mervada tran Rasta,2026-09-05 06:30:03 UTC,733,0.940,0.531,,
GJ01HX2640,cam22,28 BK Mervada tran Rasta,2026-09-05 06:31:23 UTC,756,0.978,0.556,,
GJ02BP0239,cam22,28 BK Mervada tran Rasta,2026-09-05 06:31:29 UTC,759,0.998,0.564,,
GJ08CC5192,cam22,28 BK Mervada tran Rasta,2026-09-05 06:31:33 UTC,761,0.859,0.618,,
GJ08CC5192,cam22,28 BK Mervada tran Rasta,2026-09-05 06:31:35 UTC,761,0.947,0.475,,
1BR9267,cam06,06 Timbavadi gate-Junagadh,2026-09-05 06:31:47 UTC,856,0.991,0.499,,
GJ11CH6858,cam06,06 Timbavadi gate-Junagadh,2026-09-05 06:32:28 UTC,867,0.996,0.626,,
GJ27DH4954,cam22,28 BK Mervada tran Rasta,2026-09-05 06:33:04 UTC,785,0.898,0.491,,
5J11807242,cam06,06 Timbavadi gate-Junagadh,2026-09-05 06:34:00 UTC,892,0.805,0.595,,
GJ08DG9215,cam22,28 BK Mervada tran Rasta,2026-09-05 06:34:59 UTC,818,0.997,0.634,,
GJ06F01685,cam06,06 Timbavadi gate-Junagadh,2026-09-05 06:36:26 UTC,934,0.982,0.621,,
GJ06F01685,cam06,06 Timbavadi gate-Junagadh,2026-09-05 06:36:27 UTC,934,0.977,0.621,,
GJ01WJ2537,cam22,28 BK Mervada tran Rasta,2026-09-05 06:36:28 UTC,846,0.976,0.590,,
AVAW,cam22,28 BK Mervada tran Rasta,2026-09-05 06:39:02 UTC,3,0.795,0.457,,
G50B8C01G9,cam06,06 Timbavadi gate-Junagadh,2026-09-05 06:39:33 UTC,13,0.479,0.417,,
GJ1426330,cam06,06 Timbavadi gate-Junagadh,2026-09-05 06:40:13 UTC,23,0.940,0.647,,
GJ23CG5643,cam22,28 BK Mervada tran Rasta,2026-09-05 06:40:37 UTC,31,0.999,0.640,,
VGJO8172621,cam22,28 BK Mervada tran Rasta,2026-09-05 06:42:20 UTC,61,0.792,0.468,,
GJ2JE39752,cam06,06 Timbavadi gate-Junagadh,2026-09-05 06:42:45 UTC,66,0.843,0.467,,
GJ09BJ3907,cam22,28 BK Mervada tran Rasta,2026-09-05 06:45:05 UTC,110,0.953,0.672,,
GJ32AA0052,cam06,06 Timbavadi gate-Junagadh,2026-09-05 06:45:38 UTC,115,0.997,0.664,,
GJ088N4698,cam22,28 BK Mervada tran Rasta,2026-09-05 06:45:56 UTC,126,0.817,0.609,,
7649,cam22,28 BK Mervada tran Rasta,2026-09-05 06:47:01 UTC,143,0.964,0.611,,
GI05RF0RY,cam22,28 BK Mervada tran Rasta,2026-09-05 06:47:12 UTC,146,0.511,0.416,,
GJDBAW9204,cam22,28 BK Mervada tran Rasta,2026-09-05 06:47:25 UTC,150,0.891,0.659,,
GJ08BB1038,cam22,28 BK Mervada tran Rasta,2026-09-05 06:48:08 UTC,163,0.988,0.692,,
20001025092,cam06,06 Timbavadi gate-Junagadh,2026-09-05 06:49:19 UTC,175,0.660,0.498,,
GJ18BM2507,cam22,28 BK Mervada tran Rasta,2026-09-05 06:49:39 UTC,189,0.928,0.588,,
GJ31UNAIS,cam22,28 BK Mervada tran Rasta,2026-09-05 06:49:50 UTC,191,0.737,0.747,,
1610,cam06,06 Timbavadi gate-Junagadh,2026-09-05 06:53:26 UTC,246,0.768,0.576,,
LO35,cam22,28 BK Mervada tran Rasta,2026-09-05 06:53:46 UTC,262,0.553,0.440,,
GJ27TD3437,cam22,28 BK Mervada tran Rasta,2026-09-05 06:54:36 UTC,276,0.970,0.664,,
GJ18BN7581,cam22,28 BK Mervada tran Rasta,2026-09-05 06:55:31 UTC,292,0.999,0.492,,
GJ08DG5536,cam22,28 BK Mervada tran Rasta,2026-09-05 06:55:52 UTC,299,0.994,0.559,,
GJ080P0764,cam22,28 BK Mervada tran Rasta,2026-09-05 06:56:26 UTC,308,0.950,0.469,,
1,cam12,12 Tri Mandir Adalaj Tollnaka,2026-09-05 06:56:34 UTC,1054600,0.670,0.450,,
6J03JL8022,cam06,06 Timbavadi gate-Junagadh,2026-09-05 06:57:04 UTC,308,0.982,0.544,,
FO2211,cam12,12 Tri Mandir Adalaj Tollnaka,2026-09-05 06:57:07 UTC,1092400,0.442,0.420,,
GJ24A04739,cam22,28 BK Mervada tran Rasta,2026-09-05 06:57:16 UTC,323,0.970,0.657,,
GJ0822731,cam22,28 BK Mervada tran Rasta,2026-09-05 06:57:59 UTC,334,0.900,0.534,,
GJ020E13Z0,cam22,28 BK Mervada tran Rasta,2026-09-05 06:58:52 UTC,351,0.937,0.593,,
GJ08CG8724,cam22,28 BK Mervada tran Rasta,2026-09-05 07:00:10 UTC,372,0.990,0.645,,
0J1B818237,cam12,12 Tri Mandir Adalaj Tollnaka,2026-09-05 07:01:55 UTC,1372600,0.541,0.402,,
GJ08BN0221,cam22,28 BK Mervada tran Rasta,2026-09-05 07:02:41 UTC,415,0.973,0.566,,
GJ01RC5387,cam22,28 BK Mervada tran Rasta,2026-09-05 07:02:58 UTC,421,0.954,0.579,,
GJ23BL2155,cam22,28 BK Mervada tran Rasta,2026-09-05 07:04:11 UTC,443,0.979,0.701,,
1,cam12,12 Tri Mandir Adalaj Tollnaka,2026-09-05 07:04:43 UTC,1547150,0.669,0.542,,
RADTEL,cam12,12 Tri Mandir Adalaj Tollnaka,2026-09-05 07:05:27 UTC,1578600,0.437,0.479,,
GJ36R9479,cam22,28 BK Mervada tran Rasta,2026-09-05 07:07:31 UTC,501,0.999,0.597,,
GJ18BV4007,cam22,28 BK Mervada tran Rasta,2026-09-05 07:08:10 UTC,513,0.964,0.693,,
GJOIKE8165,cam22,28 BK Mervada tran Rasta,2026-09-05 07:09:20 UTC,533,0.890,0.698,,
GJ01WE8276,cam22,28 BK Mervada tran Rasta,2026-09-05 07:09:22 UTC,533,0.967,0.686,,
GJ08FA837A,cam22,28 BK Mervada tran Rasta,2026-09-05 07:09:24 UTC,535,0.962,0.588,,
GJ03KH7042,cam06,06 Timbavadi gate-Junagadh,2026-09-05 07:09:31 UTC,518,0.900,0.529,,
CJ03KH7044,cam06,06 Timbavadi gate-Junagadh,2026-09-05 07:09:33 UTC,519,0.834,0.486,,
GJJU,cam22,28 BK Mervada tran Rasta,2026-09-05 07:10:05 UTC,546,0.758,0.575,,
GJ05RV7911,cam22,28 BK Mervada tran Rasta,2026-09-05 07:10:33 UTC,554,0.997,0.666,,
GJ08AU9763,cam22,28 BK Mervada tran Rasta,2026-09-05 07:11:47 UTC,576,0.993,0.658,,
GJ08D07588,cam22,28 BK Mervada tran Rasta,2026-09-05 07:12:52 UTC,596,0.909,0.613,,
32T8326,cam06,06 Timbavadi gate-Junagadh,2026-09-05 07:13:04 UTC,576,0.615,0.605,,
GJ27CF3096,cam22,28 BK Mervada tran Rasta,2026-09-05 07:13:57 UTC,615,0.985,0.648,,
PA011CH9O,cam06,06 Timbavadi gate-Junagadh,2026-09-05 07:15:09 UTC,612,0.512,0.684,,
GJ08AU2336,cam22,28 BK Mervada tran Rasta,2026-09-05 07:15:35 UTC,643,0.957,0.653,,
9T,cam06,06 Timbavadi gate-Junagadh,2026-09-05 07:15:39 UTC,620,0.417,0.603,,
GJ118H9812,cam06,06 Timbavadi gate-Junagadh,2026-09-05 07:16:07 UTC,628,0.937,0.653,,
GJ118H9812,cam06,06 Timbavadi gate-Junagadh,2026-09-05 07:16:10 UTC,629,0.938,0.651,,
GJ32A61970,cam06,06 Timbavadi gate-Junagadh,2026-09-05 07:18:07 UTC,662,0.846,0.420,,
GJ24BF1145,cam22,28 BK Mervada tran Rasta,2026-09-05 07:18:43 UTC,696,0.655,0.667,,
GJ08DJ9897,cam22,28 BK Mervada tran Rasta,2026-09-05 07:18:54 UTC,700,0.997,0.671,,
GJD90L9469,cam22,28 BK Mervada tran Rasta,2026-09-05 07:19:01 UTC,702,0.940,0.633,,
GJ01KF5603,cam22,28 BK Mervada tran Rasta,2026-09-05 07:19:30 UTC,710,0.998,0.611,,
GJ01KF560,cam22,28 BK Mervada tran Rasta,2026-09-05 07:19:34 UTC,710,0.952,0.626,,
GJ0ZDE7255,cam22,28 BK Mervada tran Rasta,2026-09-05 07:20:59 UTC,736,0.865,0.464,,
GJ08DG6860,cam22,28 BK Mervada tran Rasta,2026-09-05 07:22:05 UTC,755,0.987,0.648,,
GJ32K4770,cam06,06 Timbavadi gate-Junagadh,2026-09-05 07:22:09 UTC,730,0.990,0.660,,
GJ32K4770,cam06,06 Timbavadi gate-Junagadh,2026-09-05 07:22:11 UTC,730,0.992,0.658,,
GJ02CA0565,cam22,28 BK Mervada tran Rasta,2026-09-05 07:23:42 UTC,783,0.984,0.592,,
088SH,cam22,28 BK Mervada tran Rasta,2026-09-05 07:25:31 UTC,815,0.737,0.446,,
GJ08BF7604,cam22,28 BK Mervada tran Rasta,2026-09-05 07:25:56 UTC,823,0.971,0.702,,
O,cam06,06 Timbavadi gate-Junagadh,2026-09-05 07:26:00 UTC,793,0.913,0.602,,
OTZ425,cam06,06 Timbavadi gate-Junagadh,2026-09-05 07:27:10 UTC,814,0.594,0.484,,
GJUBA39095,cam22,28 BK Mervada tran Rasta,2026-09-05 07:27:14 UTC,843,0.818,0.453,,
GJ39CD0010,cam22,28 BK Mervada tran Rasta,2026-09-05 07:27:48 UTC,855,0.991,0.679,,
GJ08CR7283,cam22,28 BK Mervada tran Rasta,2026-09-05 07:28:22 UTC,865,0.971,0.690,,
GJ08CR7283,cam22,28 BK Mervada tran Rasta,2026-09-05 07:28:25 UTC,865,0.986,0.697,,
HILL,cam22,28 BK Mervada tran Rasta,2026-09-05 07:30:25 UTC,900,0.640,0.424,,
GJ0BCK7572,cam22,28 BK Mervada tran Rasta,2026-09-05 07:30:32 UTC,902,0.949,0.638,,
GJ08CS1650,cam22,28 BK Mervada tran Rasta,2026-09-05 07:32:06 UTC,931,0.992,0.632,,
6010BR1112,cam22,28 BK Mervada tran Rasta,2026-09-05 07:32:42 UTC,942,0.799,0.475,,
GJ06RG9999,cam22,28 BK Mervada tran Rasta,2026-09-05 07:34:37 UTC,974,0.915,0.693,,
GJ1GX2537,cam22,28 BK Mervada tran Rasta,2026-09-05 07:34:52 UTC,978,0.832,0.547,,
6200559004,cam06,06 Timbavadi gate-Junagadh,2026-09-05 07:35:31 UTC,953,0.494,0.545,,
GJ36AC4610,cam06,06 Timbavadi gate-Junagadh,2026-09-05 07:39:00 UTC,1013,0.972,0.591,,
GJORDG7444,cam22,28 BK Mervada tran Rasta,2026-09-05 07:39:07 UTC,1052,0.909,0.663,,
6J23M9909,cam22,28 BK Mervada tran Rasta,2026-09-05 07:39:11 UTC,1054,0.973,0.678,,
GJ11AB5688,cam06,06 Timbavadi gate-Junagadh,2026-09-05 07:39:30 UTC,1020,0.963,0.626,,
GJ11CH2,cam06,06 Timbavadi gate-Junagadh,2026-09-05 07:39:30 UTC,1020,0.998,0.624,,
GJ388H3156,cam22,28 BK Mervada tran Rasta,2026-09-05 07:40:15 UTC,1073,0.957,0.677,,
GJ27GF2081,cam22,28 BK Mervada tran Rasta,2026-09-05 07:41:26 UTC,1091,0.989,0.615,,
6J08AP2230,cam22,28 BK Mervada tran Rasta,2026-09-05 07:42:46 UTC,1116,0.867,0.669,,
GJD8DM3012,cam22,28 BK Mervada tran Rasta,2026-09-05 07:43:54 UTC,1136,0.947,0.671,,
GJ05RJ5069,cam22,28 BK Mervada tran Rasta,2026-09-05 07:44:20 UTC,1143,0.991,0.661,,
G08ALL919,cam22,28 BK Mervada tran Rasta,2026-09-05 07:44:46 UTC,1151,0.727,0.677,,
6J11T,cam06,06 Timbavadi gate-Junagadh,2026-09-05 07:45:02 UTC,1114,0.905,0.633,,
GJ13AT1638,cam22,28 BK Mervada tran Rasta,2026-09-05 07:45:18 UTC,1161,0.932,0.694,,
GJ02DE4237,cam22,28 BK Mervada tran Rasta,2026-09-05 07:46:12 UTC,1176,0.929,0.522,,
GJ08CG7002,cam22,28 BK Mervada tran Rasta,2026-09-05 07:46:19 UTC,1179,0.975,0.666,,
6111003137,cam06,06 Timbavadi gate-Junagadh,2026-09-05 07:49:35 UTC,1190,0.814,0.488,,
GJ08DP9010CINDIA,cam22,28 BK Mervada tran Rasta,2026-09-05 07:49:59 UTC,1243,0.703,0.645,,
GJ08DPD949,cam22,28 BK Mervada tran Rasta,2026-09-05 07:50:04 UTC,1245,0.944,0.602,,
25883730H,cam06,06 Timbavadi gate-Junagadh,2026-09-05 07:50:38 UTC,1208,0.911,0.474,,
GJ18BF4959,cam22,28 BK Mervada tran Rasta,2026-09-05 07:50:47 UTC,1255,0.929,0.674,,
GJ13CF9735,cam22,28 BK Mervada tran Rasta,2026-09-05 07:51:05 UTC,1260,1.000,0.697,,
J091V6197RV8,cam06,06 Timbavadi gate-Junagadh,2026-09-05 07:51:13 UTC,1219,0.716,0.481,,
GJ08DM3341,cam22,28 BK Mervada tran Rasta,2026-09-05 07:51:43 UTC,1274,0.997,0.637,,
GJ01RL0777,cam22,28 BK Mervada tran Rasta,2026-09-05 07:52:07 UTC,1282,0.962,0.552,,
GJ08CC6613,cam22,28 BK Mervada tran Rasta,2026-09-05 07:52:32 UTC,1287,0.994,0.653,,
1,cam12,12 Tri Mandir Adalaj Tollnaka,2026-09-05 07:52:33 UTC,4413850,0.615,0.511,,
1,cam12,12 Tri Mandir Adalaj Tollnaka,2026-09-05 07:52:35 UTC,4416100,0.522,0.448,,
1NOPGJT1CH2,cam06,06 Timbavadi gate-Junagadh,2026-09-05 07:55:10 UTC,1284,0.572,0.448,,
GJ08CS1695,cam22,28 BK Mervada tran Rasta,2026-09-05 07:57:30 UTC,1373,0.972,0.705,,
GJ02EG9559,cam22,28 BK Mervada tran Rasta,2026-09-05 07:57:59 UTC,1380,0.998,0.666,,
G102EK3085,cam22,28 BK Mervada tran Rasta,2026-09-05 07:59:11 UTC,1402,0.896,0.570,,
GJ080N7245,cam22,28 BK Mervada tran Rasta,2026-09-05 08:00:43 UTC,1425,0.897,0.672,,
BJUBA17000,cam22,28 BK Mervada tran Rasta,2026-09-05 08:02:17 UTC,1455,0.501,0.691,,
FG125J7120,cam06,06 Timbavadi gate-Junagadh,2026-09-05 08:02:46 UTC,1411,0.802,0.605,,
GJ08DG5071,cam22,28 BK Mervada tran Rasta,2026-09-05 08:02:49 UTC,1466,0.996,0.631,,
GJ11CH2,cam06,06 Timbavadi gate-Junagadh,2026-09-05 08:04:34 UTC,1442,0.999,0.663,,
GJ11CH2,cam06,06 Timbavadi gate-Junagadh,2026-09-05 08:04:36 UTC,1444,0.999,0.664,,
GJ11CH2,cam06,06 Timbavadi gate-Junagadh,2026-09-05 08:04:38 UTC,1444,0.998,0.653,,
5J25J7838,cam06,06 Timbavadi gate-Junagadh,2026-09-05 08:04:53 UTC,1447,0.885,0.428,,
GJ24K3268,cam22,28 BK Mervada tran Rasta,2026-09-05 08:05:09 UTC,1507,0.998,0.650,,
GJ01RC8654,cam22,28 BK Mervada tran Rasta,2026-09-05 08:06:12 UTC,1524,0.963,0.645,,
GJ25J7346,cam06,06 Timbavadi gate-Junagadh,2026-09-05 08:07:52 UTC,1497,0.992,0.450,,
GJ11COG602,cam06,06 Timbavadi gate-Junagadh,2026-09-05 08:08:15 UTC,1505,0.874,0.477,,
GJ32K6476,cam06,06 Timbavadi gate-Junagadh,2026-09-05 08:08:28 UTC,1507,0.954,0.487,,
GJ27C4145,cam22,28 BK Mervada tran Rasta,2026-09-05 08:08:56 UTC,1573,0.999,0.652,,
GJ12FB3366,cam22,28 BK Mervada tran Rasta,2026-09-05 08:09:13 UTC,1578,0.944,0.554,,
AREUQELPIA,cam06,06 Timbavadi gate-Junagadh,2026-09-05 08:10:08 UTC,1535,0.541,0.517,,
GJ02AT4169,cam22,28 BK Mervada tran Rasta,2026-09-05 08:11:01 UTC,1610,0.956,0.665,,
GJ08BF0295,cam22,28 BK Mervada tran Rasta,2026-09-05 08:11:32 UTC,1621,0.990,0.477,,
GJ36AL1058,cam06,06 Timbavadi gate-Junagadh,2026-09-05 08:11:49 UTC,1563,0.999,0.673,,
GJ11CH2,cam06,06 Timbavadi gate-Junagadh,2026-09-05 08:11:49 UTC,1563,0.998,0.658,,
GJ08DP0246,cam22,28 BK Mervada tran Rasta,2026-09-05 08:12:04 UTC,1628,0.990,0.662,,
GJ01KZ3057,cam22,28 BK Mervada tran Rasta,2026-09-05 08:15:51 UTC,1696,0.970,0.620,,
GJ08CS3826,cam22,28 BK Mervada tran Rasta,2026-09-05 08:16:14 UTC,1703,0.991,0.635,,
ULU412,cam06,06 Timbavadi gate-Junagadh,2026-09-05 08:16:37 UTC,1646,0.721,0.424,,
GJ08DS3750,cam22,28 BK Mervada tran Rasta,2026-09-05 08:16:44 UTC,1711,0.939,0.522,,
AZ7319,cam06,06 Timbavadi gate-Junagadh,2026-09-05 08:16:45 UTC,1648,0.828,0.431,,
G308AJ6736,cam22,28 BK Mervada tran Rasta,2026-09-05 08:16:52 UTC,1713,0.855,0.658,,
TAXI,cam06,06 Timbavadi gate-Junagadh,2026-09-05 08:18:39 UTC,1682,0.999,0.446,,
TAXI,cam06,06 Timbavadi gate-Junagadh,2026-09-05 08:18:44 UTC,1682,1.000,0.444,,
GJ08CC4067,cam22,28 BK Mervada tran Rasta,2026-09-05 08:19:32 UTC,1758,0.983,0.410,,
GJ01WZ8171,cam22,28 BK Mervada tran Rasta,2026-09-05 08:20:23 UTC,1774,0.992,0.631,,
GJOB110267,cam22,28 BK Mervada tran Rasta,2026-09-05 08:20:31 UTC,1776,0.622,0.517,,
UP32MW9107,cam22,28 BK Mervada tran Rasta,2026-09-05 08:21:10 UTC,1788,0.987,0.609,,
GJ19BA8094,cam22,28 BK Mervada tran Rasta,2026-09-05 08:22:00 UTC,1802,0.985,0.622,,
GJ08CR1190,cam22,28 BK Mervada tran Rasta,2026-09-05 08:22:35 UTC,1813,0.982,0.673,,
GJ08FA3032,cam22,28 BK Mervada tran Rasta,2026-09-05 08:23:45 UTC,1832,0.997,0.598,,
GJ24A05262,cam22,28 BK Mervada tran Rasta,2026-09-05 08:24:30 UTC,1844,0.993,0.631,,
GJ16DS2234,cam22,28 BK Mervada tran Rasta,2026-09-05 08:25:19 UTC,1860,0.998,0.659,,
GJ08DJ9900,cam22,28 BK Mervada tran Rasta,2026-09-05 08:26:15 UTC,1878,0.993,0.686,,
GJ05RD8368,cam22,28 BK Mervada tran Rasta,2026-09-05 08:26:45 UTC,1886,0.942,0.638,,
5J08AZ3375,cam22,28 BK Mervada tran Rasta,2026-09-05 08:26:52 UTC,1888,0.712,0.657,,
GJ18EF6816,cam22,28 BK Mervada tran Rasta,2026-09-05 08:28:04 UTC,1910,0.989,0.588,,
GJ23H0090,cam22,28 BK Mervada tran Rasta,2026-09-05 08:28:55 UTC,1924,0.998,0.671,,
GJ06KD3647,cam22,28 BK Mervada tran Rasta,2026-09-05 08:30:14 UTC,1947,0.994,0.673,,
GJ19GC1237,cam06,06 Timbavadi gate-Junagadh,2026-09-05 08:31:12 UTC,1890,0.886,0.475,,
GJ01BP9036,cam22,28 BK Mervada tran Rasta,2026-09-05 08:31:19 UTC,1966,0.990,0.465,,
GJ08DJ0959,cam22,28 BK Mervada tran Rasta,2026-09-05 08:31:22 UTC,1967,0.996,0.635,,
MNNCSD,cam06,06 Timbavadi gate-Junagadh,2026-09-05 08:31:43 UTC,1900,0.507,0.604,,
SD,cam06,06 Timbavadi gate-Junagadh,2026-09-05 08:31:44 UTC,1900,0.431,0.418,,
1,cam12,12 Tri Mandir Adalaj Tollnaka,2026-09-05 08:32:26 UTC,6800900,0.837,0.684,,
GJ01HN8383,cam22,28 BK Mervada tran Rasta,2026-09-05 08:32:43 UTC,1990,0.983,0.635,,
L,cam22,28 BK Mervada tran Rasta,2026-09-05 08:32:45 UTC,1991,0.905,0.550,,
GJ01WP7247,cam22,28 BK Mervada tran Rasta,2026-09-05 08:32:53 UTC,1993,0.983,0.697,,
GJ08DS4046,cam22,28 BK Mervada tran Rasta,2026-09-05 08:33:26 UTC,2003,0.996,0.633,,
GJ02DP8346,cam22,28 BK Mervada tran Rasta,2026-09-05 08:34:25 UTC,2019,0.994,0.571,,
GJ028P267RAILL,cam22,28 BK Mervada tran Rasta,2026-09-05 08:34:34 UTC,2022,0.837,0.678,,
GJ02AC8443,cam22,28 BK Mervada tran Rasta,2026-09-05 08:34:52 UTC,2028,0.979,0.538,,
GJ01WW1091,cam22,28 BK Mervada tran Rasta,2026-09-05 08:34:59 UTC,2031,0.992,0.629,,
GJ08AU2557,cam22,28 BK Mervada tran Rasta,2026-09-05 08:35:42 UTC,2042,0.993,0.675,,
AHA,cam12,12 Tri Mandir Adalaj Tollnaka,2026-09-05 08:35:51 UTC,7012900,0.461,0.579,,
Y6766,cam22,28 BK Mervada tran Rasta,2026-09-05 08:36:39 UTC,2059,0.992,0.592,,
EITELRT060,cam06,06 Timbavadi gate-Junagadh,2026-09-05 08:37:16 UTC,1993,0.521,0.465,,
GJO1WN2273,cam22,28 BK Mervada tran Rasta,2026-09-05 08:37:21 UTC,2072,0.956,0.626,,
PH8Z11229,cam22,28 BK Mervada tran Rasta,2026-09-05 08:37:51 UTC,2081,0.764,0.551,,
GJ08CS8963,cam22,28 BK Mervada tran Rasta,2026-09-05 08:38:16 UTC,2088,0.985,0.654,,
GJ11CL5041,cam06,06 Timbavadi gate-Junagadh,2026-09-05 08:38:27 UTC,2013,0.999,0.682,,
GJ11CH2,cam06,06 Timbavadi gate-Junagadh,2026-09-05 08:38:28 UTC,2013,0.999,0.661,,
03300,cam22,28 BK Mervada tran Rasta,2026-09-05 08:39:06 UTC,2103,0.850,0.647,,
GJ08F4110,cam22,28 BK Mervada tran Rasta,2026-09-05 08:39:14 UTC,2105,0.988,0.670,,
GJJ282101,cam06,06 Timbavadi gate-Junagadh,2026-09-05 08:39:25 UTC,2029,0.946,0.434,,
GJ08DD8918,cam22,28 BK Mervada tran Rasta,2026-09-05 08:39:27 UTC,2108,0.992,0.668,,
GJD1HU2027,cam22,28 BK Mervada tran Rasta,2026-09-05 08:40:31 UTC,2127,0.969,0.693,,
GJ01RS0338,cam22,28 BK Mervada tran Rasta,2026-09-05 08:41:06 UTC,2137,0.958,0.585,,
0MC10284,cam06,06 Timbavadi gate-Junagadh,2026-09-05 08:41:36 UTC,2067,0.454,0.417,,
GJ08FB5545,cam22,28 BK Mervada tran Rasta,2026-09-05 08:41:42 UTC,2147,0.988,0.642,,
CLDGJ080H882,cam22,28 BK Mervada tran Rasta,2026-09-05 08:41:48 UTC,2149,0.755,0.527,,
GJ388A3274,cam06,06 Timbavadi gate-Junagadh,2026-09-05 08:44:02 UTC,2106,0.964,0.652,,
GJ02ER2448,cam22,28 BK Mervada tran Rasta,2026-09-05 08:46:08 UTC,2222,0.978,0.653,,
GJ080J0459,cam22,28 BK Mervada tran Rasta,2026-09-05 08:46:28 UTC,2229,0.940,0.652,,
MAA,cam06,06 Timbavadi gate-Junagadh,2026-09-05 08:46:32 UTC,2148,0.410,0.529,,
0J020A3858,cam06,06 Timbavadi gate-Junagadh,2026-09-05 08:46:35 UTC,2148,0.722,0.611,,
TOURIST,cam22,28 BK Mervada tran Rasta,2026-09-05 08:46:45 UTC,2234,0.998,0.454,,
GJ02CG0222,cam22,28 BK Mervada tran Rasta,2026-09-05 08:46:47 UTC,2235,0.985,0.609,,
GJ08DJ646,cam22,28 BK Mervada tran Rasta,2026-09-05 08:47:59 UTC,2256,0.984,0.566,,
GJ08AP6381,cam22,28 BK Mervada tran Rasta,2026-09-05 08:48:09 UTC,2260,0.974,0.663,,
8,cam22,28 BK Mervada tran Rasta,2026-09-05 08:48:50 UTC,2272,0.976,0.482,,
GJ02EN9888,cam22,28 BK Mervada tran Rasta,2026-09-05 08:49:04 UTC,2276,0.992,0.679,,
GJ11CH2,cam06,06 Timbavadi gate-Junagadh,2026-09-05 08:49:31 UTC,2199,0.987,0.657,,
GJ11CH2,cam06,06 Timbavadi gate-Junagadh,2026-09-05 08:49:33 UTC,2199,0.998,0.662,,
GJ32AA5,cam06,06 Timbavadi gate-Junagadh,2026-09-05 08:51:53 UTC,2240,0.803,0.512,,
0012422,cam06,06 Timbavadi gate-Junagadh,2026-09-05 08:54:39 UTC,2283,0.573,0.509,,
MO,cam06,06 Timbavadi gate-Junagadh,2026-09-05 08:55:15 UTC,2295,0.670,0.424,,
GJ19AF3952,cam06,06 Timbavadi gate-Junagadh,2026-09-05 08:56:09 UTC,2307,0.997,0.597,,
GGJ11U03134,cam06,06 Timbavadi gate-Junagadh,2026-09-05 09:01:28 UTC,2399,0.874,0.422,,
GJ14AP0234,cam06,06 Timbavadi gate-Junagadh,2026-09-05 09:01:30 UTC,2402,0.941,0.569,,
FOLEL892,cam06,06 Timbavadi gate-Junagadh,2026-09-05 09:02:38 UTC,2420,0.590,0.558,,
GJ189A0252,cam06,06 Timbavadi gate-Junagadh,2026-09-05 09:02:49 UTC,2424,0.846,0.465,,
GJ01RV3408,cam06,06 Timbavadi gate-Junagadh,2026-09-05 09:06:26 UTC,2485,0.946,0.499,,
X7632,cam06,06 Timbavadi gate-Junagadh,2026-09-05 09:07:00 UTC,2493,0.936,0.415,,
FCJ06LE1781,cam06,06 Timbavadi gate-Junagadh,2026-09-05 09:07:11 UTC,2496,0.717,0.572,,
GJ15CK8289,cam06,06 Timbavadi gate-Junagadh,2026-09-05 09:09:01 UTC,2527,0.790,0.604,,
ARS,cam06,06 Timbavadi gate-Junagadh,2026-09-05 09:11:04 UTC,2561,0.724,0.533,,
013298169,cam06,06 Timbavadi gate-Junagadh,2026-09-05 09:15:02 UTC,2629,0.777,0.410,,
GJ11CL7200,cam06,06 Timbavadi gate-Junagadh,2026-09-05 09:15:55 UTC,2642,0.999,0.680,,
GJ11RH0062,cam06,06 Timbavadi gate-Junagadh,2026-09-05 09:17:33 UTC,2669,0.773,0.540,,
6,cam06,06 Timbavadi gate-Junagadh,2026-09-05 09:22:45 UTC,2757,0.760,0.637,,
A05235,cam06,06 Timbavadi gate-Junagadh,2026-09-05 09:27:23 UTC,2837,0.708,0.425,,
0172105205,cam06,06 Timbavadi gate-Junagadh,2026-09-05 09:27:25 UTC,2837,0.831,0.639,,
GJ06FC8439,cam06,06 Timbavadi gate-Junagadh,2026-09-05 09:31:33 UTC,2905,0.998,0.609,,
GJ06FC8439,cam06,06 Timbavadi gate-Junagadh,2026-09-05 09:31:40 UTC,2906,0.998,0.608,,
GJ06FC8439,cam06,06 Timbavadi gate-Junagadh,2026-09-05 09:31:43 UTC,2906,0.998,0.609,,
6,cam06,06 Timbavadi gate-Junagadh,2026-09-05 09:31:52 UTC,2911,0.961,0.626,,
GJ11AS6908,cam06,06 Timbavadi gate-Junagadh,2026-09-05 09:34:03 UTC,2946,0.979,0.623,,
GJ18GA279,cam06,06 Timbavadi gate-Junagadh,2026-09-05 09:34:40 UTC,2957,0.953,0.591,,
6J18GA2795,cam06,06 Timbavadi gate-Junagadh,2026-09-05 09:34:44 UTC,2958,0.952,0.481,,
FGJ11CH9591,cam06,06 Timbavadi gate-Junagadh,2026-09-05 09:36:30 UTC,2988,0.882,0.459,,
G101MT5556GJO1M,cam06,06 Timbavadi gate-Junagadh,2026-09-05 09:39:12 UTC,3033,0.802,0.580,,
G101MT5556GJO1MT5556,cam06,06 Timbavadi gate-Junagadh,2026-09-05 09:39:14 UTC,3033,0.875,0.522,,
MH12YZ0676,cam06,06 Timbavadi gate-Junagadh,2026-09-05 09:39:25 UTC,3037,0.915,0.521,,
LUCKY,cam06,06 Timbavadi gate-Junagadh,2026-09-05 09:44:47 UTC,3128,1.000,0.447,,
03089226,cam06,06 Timbavadi gate-Junagadh,2026-09-05 09:45:08 UTC,3135,0.578,0.471,,
GJ01WG4917,cam06,06 Timbavadi gate-Junagadh,2026-09-05 09:46:30 UTC,3156,0.930,0.526,,
GJ01WG4917,cam06,06 Timbavadi gate-Junagadh,2026-09-05 09:46:33 UTC,3156,0.971,0.540,,
GJ11C01380,cam06,06 Timbavadi gate-Junagadh,2026-09-05 09:47:26 UTC,3173,0.975,0.620,,
GJ11C01380,cam06,06 Timbavadi gate-Junagadh,2026-09-05 09:47:29 UTC,3173,0.980,0.617,,
15932,cam06,06 Timbavadi gate-Junagadh,2026-09-05 09:49:13 UTC,3203,0.806,0.566,,
GJ15CB6009,cam06,06 Timbavadi gate-Junagadh,2026-09-05 09:53:42 UTC,3279,0.931,0.451,,
GJ15CB6009,cam06,06 Timbavadi gate-Junagadh,2026-09-05 09:53:45 UTC,3279,0.941,0.466,,
GJ03HK2192,cam06,06 Timbavadi gate-Junagadh,2026-09-05 09:55:02 UTC,3300,0.976,0.499,,
GJ03HK2192,cam06,06 Timbavadi gate-Junagadh,2026-09-05 09:55:29 UTC,3310,0.950,0.543,,
U130,cam06,06 Timbavadi gate-Junagadh,2026-09-05 09:56:52 UTC,3332,0.569,0.519,,
GJ3388357,cam06,06 Timbavadi gate-Junagadh,2026-09-05 09:57:33 UTC,3344,0.916,0.585,,
GJ03HK2192,cam06,06 Timbavadi gate-Junagadh,2026-09-05 09:57:34 UTC,3344,0.990,0.557,,
6J03HK2192,cam06,06 Timbavadi gate-Junagadh,2026-09-05 09:58:40 UTC,3362,0.958,0.587,,
GJ03HK2192,cam06,06 Timbavadi gate-Junagadh,2026-09-05 09:58:42 UTC,3364,0.953,0.615,,
GJ03HK2192,cam06,06 Timbavadi gate-Junagadh,2026-09-05 09:59:13 UTC,3372,0.956,0.498,,
GJ03HK2192,cam06,06 Timbavadi gate-Junagadh,2026-09-05 09:59:26 UTC,3377,0.967,0.642,,
GJ03HX2192,cam06,06 Timbavadi gate-Junagadh,2026-09-05 09:59:30 UTC,3377,0.944,0.613,,
A6301028549,cam12,12 Tri Mandir Adalaj Tollnaka,2026-09-05 09:59:40 UTC,12043675,0.667,0.442,,
6J1,cam06,06 Timbavadi gate-Junagadh,2026-09-05 10:00:58 UTC,3401,0.838,0.459,,
GJ,cam06,06 Timbavadi gate-Junagadh,2026-09-05 10:01:00 UTC,3402,0.999,0.478,,
GJ25AA9496,cam06,06 Timbavadi gate-Junagadh,2026-09-05 10:03:41 UTC,3449,0.897,0.615,,
GJ23AM3796,cam06,06 Timbavadi gate-Junagadh,2026-09-05 10:03:54 UTC,3450,0.947,0.436,,
1089092,cam06,06 Timbavadi gate-Junagadh,2026-09-05 10:05:15 UTC,3474,0.945,0.450,,
5J11188841,cam06,06 Timbavadi gate-Junagadh,2026-09-05 10:13:06 UTC,3603,0.933,0.454,,
1,cam12,12 Tri Mandir Adalaj Tollnaka,2026-09-05 10:15:33 UTC,12994275,0.686,0.461,,
6531828355,cam06,06 Timbavadi gate-Junagadh,2026-09-05 10:16:34 UTC,3663,0.588,0.434,,
G1CH8647,cam06,06 Timbavadi gate-Junagadh,2026-09-05 10:17:13 UTC,3674,0.997,0.509,,
HENION,cam06,06 Timbavadi gate-Junagadh,2026-09-05 10:17:34 UTC,3679,0.418,0.575,,
011930851,cam06,06 Timbavadi gate-Junagadh,2026-09-05 10:17:36 UTC,3680,0.730,0.547,,
ACRAA0S,cam06,06 Timbavadi gate-Junagadh,2026-09-05 10:20:38 UTC,3732,0.426,0.606,,
GJ11C09105,cam06,06 Timbavadi gate-Junagadh,2026-09-05 10:20:40 UTC,3732,0.998,0.692,,
TEOLJIJIOL,cam06,06 Timbavadi gate-Junagadh,2026-09-05 10:21:25 UTC,3744,0.496,0.536,,
FGJ13CF0026,cam06,06 Timbavadi gate-Junagadh,2026-09-05 10:25:02 UTC,3806,0.948,0.444,,
GJ03NH6522,cam06,06 Timbavadi gate-Junagadh,2026-09-05 10:25:03 UTC,3806,0.926,0.403,,
MTUMIZN,cam22,28 BK Mervada tran Rasta,2026-09-05 10:26:42 UTC,3981,0.527,0.595,,
GJ119H7992,cam06,06 Timbavadi gate-Junagadh,2026-09-05 10:30:04 UTC,3887,0.975,0.599,,
GJ119H7992,cam06,06 Timbavadi gate-Junagadh,2026-09-05 10:30:10 UTC,3888,0.968,0.626,,
GJ11BH7992,cam06,06 Timbavadi gate-Junagadh,2026-09-05 10:30:13 UTC,3890,0.966,0.656,,
GJ11BH7992,cam06,06 Timbavadi gate-Junagadh,2026-09-05 10:30:16 UTC,3890,0.992,0.648,,
GJ11BH7992,cam06,06 Timbavadi gate-Junagadh,2026-09-05 10:31:10 UTC,3908,0.996,0.635,,
GJ11BH7992,cam06,06 Timbavadi gate-Junagadh,2026-09-05 10:31:54 UTC,3919,0.999,0.577,,
GJ118H7992,cam06,06 Timbavadi gate-Junagadh,2026-09-05 10:32:19 UTC,3925,0.990,0.629,,
FGJ11BH7992,cam06,06 Timbavadi gate-Junagadh,2026-09-05 10:32:50 UTC,3932,0.932,0.638,,
GJ118H7992,cam06,06 Timbavadi gate-Junagadh,2026-09-05 10:33:08 UTC,3940,0.978,0.572,,
GJ11BH7992,cam06,06 Timbavadi gate-Junagadh,2026-09-05 10:33:49 UTC,3953,0.990,0.649,,
GJ11BH7992,cam06,06 Timbavadi gate-Junagadh,2026-09-05 10:33:54 UTC,3954,0.963,0.652,,
GJ119H7992,cam06,06 Timbavadi gate-Junagadh,2026-09-05 10:34:54 UTC,3971,0.966,0.599,,
GJ119H7992,cam06,06 Timbavadi gate-Junagadh,2026-09-05 10:34:58 UTC,3971,0.993,0.598,,
6511947992,cam06,06 Timbavadi gate-Junagadh,2026-09-05 10:35:00 UTC,3972,0.848,0.586,,
47992,cam06,06 Timbavadi gate-Junagadh,2026-09-05 10:35:02 UTC,3972,0.835,0.507,,
GJ11BH7992,cam06,06 Timbavadi gate-Junagadh,2026-09-05 10:36:26 UTC,3996,0.989,0.599,,
J11CH851,cam06,06 Timbavadi gate-Junagadh,2026-09-05 10:36:46 UTC,3999,0.993,0.551,,
J11CH8514,cam06,06 Timbavadi gate-Junagadh,2026-09-05 10:36:51 UTC,3999,0.950,0.487,,
GJ11BH7992,cam06,06 Timbavadi gate-Junagadh,2026-09-05 10:37:01 UTC,4007,0.997,0.620,,
GJ11BH7992,cam06,06 Timbavadi gate-Junagadh,2026-09-05 10:37:03 UTC,4007,0.997,0.634,,
FGJ11BH7992,cam06,06 Timbavadi gate-Junagadh,2026-09-05 10:37:20 UTC,4011,0.952,0.624,,
FGJ11BH7992,cam06,06 Timbavadi gate-Junagadh,2026-09-05 10:37:21 UTC,4012,0.956,0.635,,
GJ11BH7992,cam06,06 Timbavadi gate-Junagadh,2026-09-05 10:38:56 UTC,4038,0.987,0.640,YES,
GJ118H7992,cam06,06 Timbavadi gate-Junagadh,2026-09-05 10:39:16 UTC,4045,0.953,0.627,,
GJ118H7992,cam06,06 Timbavadi gate-Junagadh,2026-09-05 10:39:18 UTC,4045,0.954,0.619,,
GJ119H799,cam06,06 Timbavadi gate-Junagadh,2026-09-05 10:40:21 UTC,4065,0.923,0.469,,
GJ11BR7992,cam06,06 Timbavadi gate-Junagadh,2026-09-05 10:40:31 UTC,4066,0.914,0.656,,
GJ01KDQ059,cam06,06 Timbavadi gate-Junagadh,2026-09-05 10:41:50 UTC,4084,0.895,0.642,,
GJ08DP3522,cam22,28 BK Mervada tran Rasta,2026-09-05 10:44:16 UTC,4283,0.938,0.487,,
GJ08803435,cam22,28 BK Mervada tran Rasta,2026-09-05 10:44:32 UTC,4292,0.949,0.635,,
GJ080J5395,cam22,28 BK Mervada tran Rasta,2026-09-05 10:45:12 UTC,4305,0.765,0.702,,
GJ01CX87,cam06,06 Timbavadi gate-Junagadh,2026-09-05 10:45:18 UTC,0,0.901,0.422,,
GJ01CX87,cam06,06 Timbavadi gate-Junagadh,2026-09-05 10:45:24 UTC,1,0.929,0.443,,
GJ11TT9175,cam06,06 Timbavadi gate-Junagadh,2026-09-05 10:45:45 UTC,5,0.999,0.549,,
GJ08DM2579,cam22,28 BK Mervada tran Rasta,2026-09-05 10:46:44 UTC,4333,0.915,0.450,,
GJ11DB0049,cam06,06 Timbavadi gate-Junagadh,2026-09-05 10:46:57 UTC,21,0.926,0.642,,
GJ108099,cam06,06 Timbavadi gate-Junagadh,2026-09-05 10:47:34 UTC,34,0.744,0.522,,
GJ23AN596T,cam22,28 BK Mervada tran Rasta,2026-09-05 10:52:57 UTC,4439,0.854,0.667,,
0001602809,cam06,06 Timbavadi gate-Junagadh,2026-09-05 10:54:58 UTC,158,0.584,0.636,,
F6111E02803,cam06,06 Timbavadi gate-Junagadh,2026-09-05 10:55:00 UTC,158,0.741,0.655,,
GJB0HN4550,cam22,28 BK Mervada tran Rasta,2026-09-05 10:55:36 UTC,4485,0.869,0.473,,
QU1JAD,cam06,06 Timbavadi gate-Junagadh,2026-09-05 10:58:23 UTC,214,0.505,0.634,,
18062026175554MADHURAMBYPASSROADFIX2FROMAK,cam06,06 Timbavadi gate-Junagadh,2026-09-05 10:58:36 UTC,217,0.992,0.432,,"KNOWN FALSE POSITIVE: video overlay timestamp/caption text, not a vehicle plate"
GJD815015,cam22,28 BK Mervada tran Rasta,2026-09-05 11:02:15 UTC,4603,0.767,0.451,,
SGJ08FA7358,cam22,28 BK Mervada tran Rasta,2026-09-05 11:06:30 UTC,4676,0.678,0.522,,
GJ11CD3491,cam06,06 Timbavadi gate-Junagadh,2026-09-05 11:09:22 UTC,399,0.965,0.546,,
J02EKU873,cam22,28 BK Mervada tran Rasta,2026-09-05 11:14:54 UTC,4823,0.874,0.564,,
GJ3309646,cam22,28 BK Mervada tran Rasta,2026-09-05 11:21:52 UTC,4945,0.942,0.691,,
GJOBR4,cam22,28 BK Mervada tran Rasta,2026-09-05 11:23:28 UTC,4974,0.863,0.404,,
116178,cam06,06 Timbavadi gate-Junagadh,2026-09-05 11:23:51 UTC,643,0.612,0.519,,
GJ08DG1047,cam22,28 BK Mervada tran Rasta,2026-09-05 11:27:25 UTC,5041,0.945,0.555,,
GJ05RL9657,cam22,28 BK Mervada tran Rasta,2026-09-05 11:27:33 UTC,5042,0.624,0.679,,
GJ02DE2346,cam22,28 BK Mervada tran Rasta,2026-09-05 11:28:43 UTC,5064,0.999,0.646,,
GJ03ME2399,cam06,06 Timbavadi gate-Junagadh,2026-09-05 11:28:46 UTC,724,0.976,0.677,,
GJ11A82974,cam06,06 Timbavadi gate-Junagadh,2026-09-05 11:29:00 UTC,727,0.903,0.565,,
GJ11485588,cam06,06 Timbavadi gate-Junagadh,2026-09-05 11:31:02 UTC,761,0.531,0.551,,
GJ02DP8903,cam22,28 BK Mervada tran Rasta,2026-09-05 11:31:33 UTC,5113,0.976,0.524,,
GJ11E,cam06,06 Timbavadi gate-Junagadh,2026-09-05 11:31:42 UTC,774,0.959,0.494,,
GJ11EA1355,cam06,06 Timbavadi gate-Junagadh,2026-09-05 11:31:45 UTC,774,0.944,0.497,,
GJ11BH9085,cam06,06 Timbavadi gate-Junagadh,2026-09-05 11:33:13 UTC,800,0.996,0.623,,
GJJ5T1655,cam06,06 Timbavadi gate-Junagadh,2026-09-05 11:33:44 UTC,809,0.875,0.624,,
GJ08DP9952,cam22,28 BK Mervada tran Rasta,2026-09-05 11:33:56 UTC,5154,0.979,0.666,,
GJ148A4108,cam06,06 Timbavadi gate-Junagadh,2026-09-05 11:36:40 UTC,855,0.884,0.590,,
GJ23CF3136,cam06,06 Timbavadi gate-Junagadh,2026-09-05 11:36:41 UTC,855,0.954,0.471,,
GJ08AP2123,cam22,28 BK Mervada tran Rasta,2026-09-05 11:37:17 UTC,5210,0.994,0.647,,
GJ16AA4815,cam22,28 BK Mervada tran Rasta,2026-09-05 11:37:36 UTC,5218,0.998,0.580,,
GJ24AF1738,cam22,28 BK Mervada tran Rasta,2026-09-05 11:39:10 UTC,5245,0.961,0.702,,
6J11C07392,cam06,06 Timbavadi gate-Junagadh,2026-09-05 11:39:38 UTC,909,0.881,0.472,,
6J11C07992,cam06,06 Timbavadi gate-Junagadh,2026-09-05 11:39:41 UTC,909,0.854,0.434,,
GJ11C07392,cam06,06 Timbavadi gate-Junagadh,2026-09-05 11:39:42 UTC,910,0.875,0.483,,
GJ11C07992,cam06,06 Timbavadi gate-Junagadh,2026-09-05 11:40:03 UTC,915,0.922,0.413,,
GJ11C07992,cam06,06 Timbavadi gate-Junagadh,2026-09-05 11:40:26 UTC,921,0.969,0.526,,
GJ11C07992,cam06,06 Timbavadi gate-Junagadh,2026-09-05 11:40:31 UTC,922,0.972,0.535,,
GJ11C07992,cam06,06 Timbavadi gate-Junagadh,2026-09-05 11:40:50 UTC,926,0.859,0.482,,
GJ11C07992,cam06,06 Timbavadi gate-Junagadh,2026-09-05 11:40:53 UTC,927,0.902,0.475,,
GJ11C07932,cam06,06 Timbavadi gate-Junagadh,2026-09-05 11:41:21 UTC,933,0.863,0.492,,
6J11C07992,cam06,06 Timbavadi gate-Junagadh,2026-09-05 11:41:45 UTC,942,0.902,0.509,,
GJ11C07332,cam06,06 Timbavadi gate-Junagadh,2026-09-05 11:43:06 UTC,965,0.883,0.486,,
GJ19AA3070,cam22,28 BK Mervada tran Rasta,2026-09-05 11:43:37 UTC,5325,0.990,0.537,,
GJ11C07992,cam06,06 Timbavadi gate-Junagadh,2026-09-05 11:43:58 UTC,981,0.938,0.514,,
GJ08DM9904,cam22,28 BK Mervada tran Rasta,2026-09-05 11:44:05 UTC,5334,0.952,0.654,,
GJ01RU0948,cam06,06 Timbavadi gate-Junagadh,2026-09-05 11:45:32 UTC,1006,0.983,0.687,,
GJ11BR4370,cam06,06 Timbavadi gate-Junagadh,2026-09-05 11:45:33 UTC,1006,0.993,0.611,,
GJ11C07992,cam06,06 Timbavadi gate-Junagadh,2026-09-05 11:45:34 UTC,1006,0.957,0.549,,
GJ11C07992,cam06,06 Timbavadi gate-Junagadh,2026-09-05 11:46:11 UTC,1015,0.967,0.658,,
GJ06P07674,cam06,06 Timbavadi gate-Junagadh,2026-09-05 11:47:16 UTC,1033,0.904,0.499,,
GJ11C09395,cam06,06 Timbavadi gate-Junagadh,2026-09-05 11:49:01 UTC,1063,0.996,0.663,,
0,cam06,06 Timbavadi gate-Junagadh,2026-09-05 11:49:16 UTC,1067,0.568,0.508,,
GJ07DD9992,cam22,28 BK Mervada tran Rasta,2026-09-05 11:51:33 UTC,5464,0.927,0.616,,
G108AN6302,cam22,28 BK Mervada tran Rasta,2026-09-05 11:52:53 UTC,5487,0.729,0.590,,
GJ38BB6446,cam22,28 BK Mervada tran Rasta,2026-09-05 11:58:07 UTC,5580,0.964,0.498,,
GJ14ZJ812,cam06,06 Timbavadi gate-Junagadh,2026-09-05 12:02:57 UTC,1300,0.893,0.563,,
63110U6295,cam06,06 Timbavadi gate-Junagadh,2026-09-05 12:04:20 UTC,1324,0.871,0.405,,
GJ10DA5544,cam06,06 Timbavadi gate-Junagadh,2026-09-05 12:07:23 UTC,1377,0.990,0.665,,
GJ05RZ7229,cam22,28 BK Mervada tran Rasta,2026-09-05 12:16:53 UTC,5907,0.986,0.609,,
CH,cam06,06 Timbavadi gate-Junagadh,2026-09-05 12:17:22 UTC,1542,0.999,0.429,,
GJT1CH1809,cam06,06 Timbavadi gate-Junagadh,2026-09-05 12:20:02 UTC,1588,0.952,0.525,,
GJ11CH3274,cam06,06 Timbavadi gate-Junagadh,2026-09-05 12:20:34 UTC,1596,0.995,0.500,,
11840E175,cam06,06 Timbavadi gate-Junagadh,2026-09-05 12:22:54 UTC,1636,0.436,0.424,,
6008AV5I89,cam22,28 BK Mervada tran Rasta,2026-09-05 12:24:11 UTC,6034,0.678,0.769,,
CK2R20A,cam22,28 BK Mervada tran Rasta,2026-09-05 12:24:57 UTC,6048,0.575,0.516,,
1071957,cam22,28 BK Mervada tran Rasta,2026-09-05 12:26:02 UTC,6064,0.762,0.600,,
GJD8DP4025,cam22,28 BK Mervada tran Rasta,2026-09-05 12:26:45 UTC,6078,0.946,0.512,,
GJ18BV4436,cam22,28 BK Mervada tran Rasta,2026-09-05 12:27:29 UTC,6092,0.991,0.501,,
GJ07DC9910,cam22,28 BK Mervada tran Rasta,2026-09-05 12:27:34 UTC,6094,0.994,0.663,,
GJ07DC9910,cam22,28 BK Mervada tran Rasta,2026-09-05 12:27:37 UTC,6094,0.998,0.631,,
GJ02BD0916,cam22,28 BK Mervada tran Rasta,2026-09-05 12:27:48 UTC,6097,0.889,0.489,,
GJ1BED5755,cam22,28 BK Mervada tran Rasta,2026-09-05 12:28:49 UTC,6114,0.899,0.693,,
GJ08BB4717,cam22,28 BK Mervada tran Rasta,2026-09-05 12:29:55 UTC,6134,0.951,0.652,,
GJ2509012,cam06,06 Timbavadi gate-Junagadh,2026-09-05 12:30:16 UTC,1761,0.957,0.421,,
GUT1CL4976,cam06,06 Timbavadi gate-Junagadh,2026-09-05 12:33:19 UTC,1813,0.764,0.657,,
GJ02DM5177,cam22,28 BK Mervada tran Rasta,2026-09-05 12:34:42 UTC,6218,0.970,0.710,,
GJ24A03Z61,cam22,28 BK Mervada tran Rasta,2026-09-05 12:35:00 UTC,6222,0.951,0.670,,
UDUSER0,cam22,28 BK Mervada tran Rasta,2026-09-05 12:36:36 UTC,6251,0.518,0.492,,
GJ08FA2872,cam22,28 BK Mervada tran Rasta,2026-09-05 12:39:32 UTC,25,0.989,0.686,,
GJ08DS2018,cam22,28 BK Mervada tran Rasta,2026-09-05 12:39:42 UTC,28,0.987,0.666,,
GJ24AU1711,cam22,28 BK Mervada tran Rasta,2026-09-05 12:40:07 UTC,37,1.000,0.679,,
GJ09BK5363,cam22,28 BK Mervada tran Rasta,2026-09-05 12:41:09 UTC,53,0.939,0.680,,
0,cam12,12 Tri Mandir Adalaj Tollnaka,2026-09-05 12:42:42 UTC,21819825,0.479,0.415,,
T9857,cam06,06 Timbavadi gate-Junagadh,2026-09-05 12:43:33 UTC,1983,0.878,0.596,,
T9857,cam06,06 Timbavadi gate-Junagadh,2026-09-05 12:43:35 UTC,1983,0.892,0.625,,
GJ05CP8818,cam22,28 BK Mervada tran Rasta,2026-09-05 12:46:29 UTC,148,0.929,0.608,,
611108381,cam06,06 Timbavadi gate-Junagadh,2026-09-05 12:49:12 UTC,2078,0.740,0.551,,
GJ38BH4440,cam22,28 BK Mervada tran Rasta,2026-09-05 12:50:37 UTC,218,0.980,0.669,,
GJ08CS7500,cam22,28 BK Mervada tran Rasta,2026-09-05 12:52:12 UTC,247,0.934,0.654,,
GJ11C00238,cam06,06 Timbavadi gate-Junagadh,2026-09-05 12:53:00 UTC,2143,0.760,0.622,,
GJ02BP4664,cam22,28 BK Mervada tran Rasta,2026-09-05 12:53:01 UTC,261,0.893,0.712,,
N021,cam06,06 Timbavadi gate-Junagadh,2026-09-05 12:53:04 UTC,2145,0.581,0.417,,
G2C9023,cam06,06 Timbavadi gate-Junagadh,2026-09-05 12:53:06 UTC,2145,0.423,0.445,,
GJ08DJ7061,cam22,28 BK Mervada tran Rasta,2026-09-05 12:53:54 UTC,277,0.981,0.637,,
0J21EE5334,cam22,28 BK Mervada tran Rasta,2026-09-05 12:56:37 UTC,325,0.775,0.659,,
GJ08CC2606,cam22,28 BK Mervada tran Rasta,2026-09-05 12:58:54 UTC,366,0.973,0.602,,
GJ31BB8458,cam22,28 BK Mervada tran Rasta,2026-09-05 12:59:55 UTC,384,0.697,0.686,,
GJ31BB8458,cam22,28 BK Mervada tran Rasta,2026-09-05 12:59:57 UTC,384,0.983,0.657,,
5101821375,cam12,12 Tri Mandir Adalaj Tollnaka,2026-09-05 13:00:46 UTC,22899756,0.826,0.615,,
GJ32B1782,cam22,28 BK Mervada tran Rasta,2026-09-05 13:03:47 UTC,451,1.000,0.693,,
6J27CF9967,cam22,28 BK Mervada tran Rasta,2026-09-05 13:08:15 UTC,528,0.970,0.677,,
GJ08CG0446,cam22,28 BK Mervada tran Rasta,2026-09-05 13:08:18 UTC,529,0.998,0.683,,
GJ001144,cam22,28 BK Mervada tran Rasta,2026-09-05 13:08:49 UTC,538,0.850,0.668,,
53277105634,cam12,12 Tri Mandir Adalaj Tollnaka,2026-09-05 13:12:07 UTC,23585656,0.737,0.678,,
GOZTTD5634,cam12,12 Tri Mandir Adalaj Tollnaka,2026-09-05 13:12:14 UTC,23595656,0.807,0.677,,
53277T05634,cam12,12 Tri Mandir Adalaj Tollnaka,2026-09-05 13:12:39 UTC,23619656,0.768,0.631,,
0T1T05614,cam12,12 Tri Mandir Adalaj Tollnaka,2026-09-05 13:12:59 UTC,23641656,0.584,0.546,,
U2TTD5634,cam12,12 Tri Mandir Adalaj Tollnaka,2026-09-05 13:13:34 UTC,23671706,0.731,0.621,,
11811551,cam12,12 Tri Mandir Adalaj Tollnaka,2026-09-05 13:15:18 UTC,23781656,0.543,0.680,,
GJ0GRF5715,cam22,28 BK Mervada tran Rasta,2026-09-05 13:16:24 UTC,671,0.973,0.537,,
GJD8DG6860,cam22,28 BK Mervada tran Rasta,2026-09-05 13:19:51 UTC,730,0.974,0.611,,
GJ08BB5872,cam22,28 BK Mervada tran Rasta,2026-09-05 13:26:03 UTC,840,0.998,0.675,,
GJOBFA3519,cam22,28 BK Mervada tran Rasta,2026-09-05 13:26:43 UTC,851,0.899,0.580,,
GJ080S7389,cam22,28 BK Mervada tran Rasta,2026-09-05 13:27:08 UTC,859,0.956,0.526,,
GJ09BG0198,cam22,28 BK Mervada tran Rasta,2026-09-05 13:28:42 UTC,886,0.974,0.607,,
GJ03KH7471,cam22,28 BK Mervada tran Rasta,2026-09-05 13:30:16 UTC,912,0.995,0.710,,
G30315063,cam22,28 BK Mervada tran Rasta,2026-09-05 13:31:12 UTC,930,0.857,0.486,,
GJOTWP4410,cam22,28 BK Mervada tran Rasta,2026-09-05 13:31:36 UTC,937,0.878,0.687,,
POOXMAI,cam22,28 BK Mervada tran Rasta,2026-09-05 13:32:47 UTC,958,0.802,0.401,,
201T5427,cam06,06 Timbavadi gate-Junagadh,2026-09-05 13:35:10 UTC,2852,0.613,0.514,,
GJ09BK2211,cam22,28 BK Mervada tran Rasta,2026-09-05 13:36:57 UTC,1031,0.988,0.694,,
GJ08AJ1660,cam22,28 BK Mervada tran Rasta,2026-09-05 13:38:03 UTC,1050,0.940,0.659,,
GJ08BS0726,cam22,28 BK Mervada tran Rasta,2026-09-05 13:38:38 UTC,1058,0.977,0.651,,
15253272283,cam12,12 Tri Mandir Adalaj Tollnaka,2026-09-05 13:40:16 UTC,25265306,0.668,0.638,,
RO,cam12,12 Tri Mandir Adalaj Tollnaka,2026-09-05 13:40:54 UTC,25305206,0.828,0.536,,
GJ18GB3393,cam22,28 BK Mervada tran Rasta,2026-09-05 13:41:36 UTC,1111,0.992,0.597,,
GJ05CK8377,cam22,28 BK Mervada tran Rasta,2026-09-05 13:42:17 UTC,1123,0.999,0.525,,
6J1ISTDSS,cam12,12 Tri Mandir Adalaj Tollnaka,2026-09-05 13:42:31 UTC,25411556,0.439,0.432,,
GJ05CK8377,cam22,28 BK Mervada tran Rasta,2026-09-05 13:43:22 UTC,1140,0.998,0.517,,
GJ05CK8377,cam22,28 BK Mervada tran Rasta,2026-09-05 13:43:41 UTC,1146,0.997,0.491,,
GJ08CR5255,cam22,28 BK Mervada tran Rasta,2026-09-05 13:45:55 UTC,1185,0.999,0.622,,
GJO8CS8617,cam22,28 BK Mervada tran Rasta,2026-09-05 13:46:47 UTC,1199,0.908,0.588,,
GJ05CK8377,cam22,28 BK Mervada tran Rasta,2026-09-05 13:46:54 UTC,1201,0.996,0.457,,
GJ05CK8377,cam22,28 BK Mervada tran Rasta,2026-09-05 13:47:47 UTC,1218,0.999,0.453,,
GJ08CR3693,cam22,28 BK Mervada tran Rasta,2026-09-05 13:48:31 UTC,1231,0.992,0.669,,
GJ27EA1963MER,cam22,28 BK Mervada tran Rasta,2026-09-05 13:48:46 UTC,1234,0.931,0.684,,
UJZ70LZZT,cam22,28 BK Mervada tran Rasta,2026-09-05 13:50:47 UTC,1271,0.561,0.577,,
GJ27BL2219,cam22,28 BK Mervada tran Rasta,2026-09-05 13:50:49 UTC,1271,0.998,0.638,,
GJ08FA8771,cam22,28 BK Mervada tran Rasta,2026-09-05 13:51:15 UTC,1277,0.999,0.671,,
MM240V2318,cam12,12 Tri Mandir Adalaj Tollnaka,2026-09-05 13:53:00 UTC,26034556,0.536,0.467,,
48S34,cam22,28 BK Mervada tran Rasta,2026-09-05 13:53:19 UTC,1315,0.598,0.550,,
GJ08BS3475,cam22,28 BK Mervada tran Rasta,2026-09-05 13:53:23 UTC,1315,0.992,0.643,,
GJ02VV3741,cam22,28 BK Mervada tran Rasta,2026-09-05 13:55:42 UTC,1358,0.934,0.461,,
GJ080J9117,cam22,28 BK Mervada tran Rasta,2026-09-05 13:57:57 UTC,1398,0.929,0.669,,
GJ01HY3960,cam22,28 BK Mervada tran Rasta,2026-09-05 13:58:26 UTC,1405,0.975,0.651,,
03010H4922,cam06,06 Timbavadi gate-Junagadh,2026-09-05 13:59:37 UTC,3264,0.764,0.671,,
43070H4922,cam06,06 Timbavadi gate-Junagadh,2026-09-05 13:59:41 UTC,3264,0.832,0.654,,
VEER,cam22,28 BK Mervada tran Rasta,2026-09-05 13:59:46 UTC,1429,0.999,0.635,,
GJ01KL8534,cam22,28 BK Mervada tran Rasta,2026-09-05 14:04:04 UTC,1505,0.957,0.614,,
GJ08AY5353,cam22,28 BK Mervada tran Rasta,2026-09-05 14:04:09 UTC,1506,0.971,0.650,,
GJ02Z8001,cam22,28 BK Mervada tran Rasta,2026-09-05 14:07:16 UTC,1560,0.868,0.655,,
GJ08DJ1519,cam22,28 BK Mervada tran Rasta,2026-09-05 14:07:41 UTC,1567,0.990,0.510,,
PM,cam12,12 Tri Mandir Adalaj Tollnaka,2026-09-05 14:08:08 UTC,26946131,0.686,0.472,,
GJ089575,cam22,28 BK Mervada tran Rasta,2026-09-05 14:11:10 UTC,1627,0.996,0.517,,
212,cam22,28 BK Mervada tran Rasta,2026-09-05 14:11:21 UTC,1630,0.986,0.633,,
GJO5NX6ZUO,cam22,28 BK Mervada tran Rasta,2026-09-05 14:13:16 UTC,1664,0.721,0.653,,
G005BX6200,cam22,28 BK Mervada tran Rasta,2026-09-05 14:13:18 UTC,1665,0.921,0.631,,
GJ08BN3961,cam22,28 BK Mervada tran Rasta,2026-09-05 14:13:27 UTC,1668,0.987,0.655,,
1,cam12,12 Tri Mandir Adalaj Tollnaka,2026-09-05 14:16:37 UTC,27454331,0.614,0.459,,
GJ08DJ94T6,cam22,28 BK Mervada tran Rasta,2026-09-05 14:20:08 UTC,1784,0.940,0.547,,
1880WAXI108GAGOL16657,cam22,28 BK Mervada tran Rasta,2026-09-05 14:20:24 UTC,1789,0.767,0.460,,
GJ02CG0695,cam22,28 BK Mervada tran Rasta,2026-09-05 14:22:03 UTC,1818,0.914,0.599,,
GJOZER8520,cam22,28 BK Mervada tran Rasta,2026-09-05 14:22:34 UTC,1825,0.904,0.545,,
RJ27CN2115,cam22,28 BK Mervada tran Rasta,2026-09-05 14:22:43 UTC,1828,0.999,0.680,,
RJ27CN2115,cam22,28 BK Mervada tran Rasta,2026-09-05 14:22:48 UTC,1828,0.976,0.695,,
GJ11CL9596,cam06,06 Timbavadi gate-Junagadh,2026-09-05 14:23:32 UTC,3667,0.924,0.602,,
225,cam22,28 BK Mervada tran Rasta,2026-09-05 14:24:22 UTC,1858,0.999,0.472,,
1,cam12,12 Tri Mandir Adalaj Tollnaka,2026-09-05 14:25:57 UTC,28014331,0.568,0.441,,
GJ08FA7043,cam22,28 BK Mervada tran Rasta,2026-09-05 14:26:08 UTC,1890,0.994,0.671,,
GJ08FA7043,cam22,28 BK Mervada tran Rasta,2026-09-05 14:26:12 UTC,1890,0.994,0.665,,
GJ18HY2495,cam22,28 BK Mervada tran Rasta,2026-09-05 14:26:54 UTC,1904,0.829,0.401,,
0J08BH3123,cam22,28 BK Mervada tran Rasta,2026-09-05 14:27:10 UTC,1908,0.883,0.636,,
CLNSFNCZAN,cam22,28 BK Mervada tran Rasta,2026-09-05 14:28:44 UTC,1934,0.465,0.565,,
GJ08CR0399,cam22,28 BK Mervada tran Rasta,2026-09-05 14:28:47 UTC,1935,0.993,0.670,,
GU090N2428,cam22,28 BK Mervada tran Rasta,2026-09-05 14:30:27 UTC,1965,0.878,0.584,,
GJ08B55099,cam22,28 BK Mervada tran Rasta,2026-09-05 14:31:44 UTC,1988,0.907,0.487,,
GJ02CL2606,cam22,28 BK Mervada tran Rasta,2026-09-05 14:31:58 UTC,1992,0.996,0.655,,
GJ18BH5025,cam22,28 BK Mervada tran Rasta,2026-09-05 14:32:32 UTC,2000,0.918,0.706,,
GJ08AP5548,cam22,28 BK Mervada tran Rasta,2026-09-05 14:32:39 UTC,2002,0.992,0.596,,
1,cam12,12 Tri Mandir Adalaj Tollnaka,2026-09-05 14:33:56 UTC,28497281,0.408,0.454,,
GJ18Z9008,cam22,28 BK Mervada tran Rasta,2026-09-05 14:39:25 UTC,2121,0.985,0.651,,
GJ0BAU2000,cam22,28 BK Mervada tran Rasta,2026-09-05 14:40:00 UTC,2133,0.865,0.586,,
I001R2202,cam22,28 BK Mervada tran Rasta,2026-09-05 14:40:20 UTC,2137,0.489,0.493,,
GJ08CG0838,cam22,28 BK Mervada tran Rasta,2026-09-05 14:41:56 UTC,2166,0.988,0.657,,
KGARRIGE,cam22,28 BK Mervada tran Rasta,2026-09-05 14:42:26 UTC,2175,0.963,0.647,,
GJ02EC0673,cam22,28 BK Mervada tran Rasta,2026-09-05 14:44:03 UTC,2202,0.995,0.672,,
GJ24AA3141,cam22,28 BK Mervada tran Rasta,2026-09-05 14:44:47 UTC,2218,0.999,0.692,,
0800058,cam22,28 BK Mervada tran Rasta,2026-09-05 14:45:24 UTC,2226,0.812,0.634,,
GJ08CK1257,cam22,28 BK Mervada tran Rasta,2026-09-05 14:45:54 UTC,2234,0.964,0.600,,
GJ38BK5747LIRYDIA,cam22,28 BK Mervada tran Rasta,2026-09-05 14:46:21 UTC,2242,0.877,0.654,,
6J06306507,cam22,28 BK Mervada tran Rasta,2026-09-05 14:46:29 UTC,2244,0.886,0.554,,
J17BH1616,cam22,28 BK Mervada tran Rasta,2026-09-05 14:48:10 UTC,2274,0.934,0.525,,
GJ08CG1885,cam22,28 BK Mervada tran Rasta,2026-09-05 14:50:21 UTC,2311,0.961,0.659,,
0302AN0204,cam22,28 BK Mervada tran Rasta,2026-09-05 14:51:40 UTC,2335,0.586,0.468,,
GJ08CM2525,cam22,28 BK Mervada tran Rasta,2026-09-05 14:53:17 UTC,2364,0.943,0.672,,
1,cam12,12 Tri Mandir Adalaj Tollnaka,2026-09-05 14:55:36 UTC,29796931,0.719,0.489,,
1,cam12,12 Tri Mandir Adalaj Tollnaka,2026-09-05 14:55:37 UTC,29796931,0.559,0.454,,
109BH1705,cam22,28 BK Mervada tran Rasta,2026-09-05 14:55:38 UTC,2405,0.837,0.497,,
6J24K5941,cam22,28 BK Mervada tran Rasta,2026-09-05 14:57:46 UTC,2442,0.965,0.620,,
GJ05C00314,cam22,28 BK Mervada tran Rasta,2026-09-05 14:58:36 UTC,2457,0.958,0.649,,
VEIHGJ000SZ282,cam22,28 BK Mervada tran Rasta,2026-09-05 14:59:26 UTC,2473,0.586,0.533,,
GJO820005,cam22,28 BK Mervada tran Rasta,2026-09-05 15:04:12 UTC,2555,0.837,0.640,,
GJ01HZ,cam22,28 BK Mervada tran Rasta,2026-09-05 15:05:54 UTC,2584,0.551,0.427,,
GJ05RK3423,cam22,28 BK Mervada tran Rasta,2026-09-05 15:05:57 UTC,2584,0.997,0.692,,
GJ08BS8816,cam22,28 BK Mervada tran Rasta,2026-09-05 15:06:02 UTC,2588,0.993,0.659,,
PNIADADAI,cam22,28 BK Mervada tran Rasta,2026-09-05 15:06:50 UTC,2600,0.596,0.528,,
J24AM8512,cam22,28 BK Mervada tran Rasta,2026-09-05 15:07:12 UTC,2607,0.950,0.692,,
1,cam12,12 Tri Mandir Adalaj Tollnaka,2026-09-05 15:07:16 UTC,30498431,0.765,0.488,,
GJ06PB1417,cam22,28 BK Mervada tran Rasta,2026-09-05 15:09:22 UTC,2644,0.996,0.692,,
GJ27C2445,cam22,28 BK Mervada tran Rasta,2026-09-05 15:11:43 UTC,2687,0.994,0.621,,
GJ18EG0053,cam22,28 BK Mervada tran Rasta,2026-09-05 15:11:52 UTC,2689,0.928,0.659,,
GJ16CN2656,cam22,28 BK Mervada tran Rasta,2026-09-05 15:13:07 UTC,2711,0.993,0.590,,
DL3CCE4892,cam22,28 BK Mervada tran Rasta,2026-09-05 15:13:13 UTC,2713,1.000,0.642,,
GJ33B9648,cam22,28 BK Mervada tran Rasta,2026-09-05 15:13:59 UTC,2726,0.891,0.678,,
10010000,cam06,06 Timbavadi gate-Junagadh,2026-09-05 15:20:01 UTC,4616,0.503,0.621,,
GJ01WY5468,cam22,28 BK Mervada tran Rasta,2026-09-05 15:22:10 UTC,2869,0.956,0.649,,
GJ388E2678,cam22,28 BK Mervada tran Rasta,2026-09-05 15:22:48 UTC,2878,0.930,0.679,,
4GJOBDN0552,cam22,28 BK Mervada tran Rasta,2026-09-05 15:24:48 UTC,2912,0.844,0.670,,
GJ09BK6694,cam22,28 BK Mervada tran Rasta,2026-09-05 15:24:53 UTC,2913,0.983,0.672,,
6J0B75779,cam22,28 BK Mervada tran Rasta,2026-09-05 15:25:38 UTC,2927,0.726,0.581,,
GJ08FA5789,cam22,28 BK Mervada tran Rasta,2026-09-05 15:26:13 UTC,2941,0.952,0.594,,
GJ13CE9474,cam22,28 BK Mervada tran Rasta,2026-09-05 15:26:49 UTC,2950,0.996,0.628,,
GJD8DN8714,cam22,28 BK Mervada tran Rasta,2026-09-05 15:26:59 UTC,2953,0.910,0.616,,
GJ08F71,cam22,28 BK Mervada tran Rasta,2026-09-05 15:29:01 UTC,2989,0.934,0.523,,
JO0CR4289,cam22,28 BK Mervada tran Rasta,2026-09-05 15:31:23 UTC,3027,0.628,0.640,,
30610,cam22,28 BK Mervada tran Rasta,2026-09-05 15:31:41 UTC,3033,0.739,0.523,,
G008483551,cam22,28 BK Mervada tran Rasta,2026-09-05 15:32:08 UTC,3041,0.812,0.643,,
GJ0BDJ1225,cam22,28 BK Mervada tran Rasta,2026-09-05 15:32:25 UTC,3047,0.927,0.672,,
GJ08AY4962,cam22,28 BK Mervada tran Rasta,2026-09-05 15:32:31 UTC,3049,0.986,0.667,,
GJ31D4258,cam22,28 BK Mervada tran Rasta,2026-09-05 15:32:40 UTC,3051,0.985,0.581,,
GJ01HD9416,cam22,28 BK Mervada tran Rasta,2026-09-05 15:32:54 UTC,3054,0.982,0.599,,
GJ01M04865,cam22,28 BK Mervada tran Rasta,2026-09-05 15:33:07 UTC,3059,0.854,0.634,,
6J02DP3070,cam22,28 BK Mervada tran Rasta,2026-09-05 15:33:33 UTC,3066,0.907,0.641,,
GJ00BN7658,cam22,28 BK Mervada tran Rasta,2026-09-05 15:34:40 UTC,3085,0.931,0.554,,
1W0R369E,cam22,28 BK Mervada tran Rasta,2026-09-05 15:35:31 UTC,3101,0.719,0.448,,
1030BA10556M,cam22,28 BK Mervada tran Rasta,2026-09-05 15:35:40 UTC,3103,0.696,0.516,,
GJ08BS2556,cam22,28 BK Mervada tran Rasta,2026-09-05 15:35:45 UTC,3105,0.999,0.631,,
GJ08AW9773,cam22,28 BK Mervada tran Rasta,2026-09-05 15:37:11 UTC,3131,0.953,0.729,,
GJ1BEA6111,cam22,28 BK Mervada tran Rasta,2026-09-05 15:38:09 UTC,3147,0.950,0.654,,
BU,cam22,28 BK Mervada tran Rasta,2026-09-05 15:38:50 UTC,3161,0.484,0.475,,
GJ02EA4178,cam22,28 BK Mervada tran Rasta,2026-09-05 15:39:11 UTC,3167,0.991,0.656,,
TAULE,cam22,28 BK Mervada tran Rasta,2026-09-05 15:39:15 UTC,3167,0.428,0.623,,
GJ08CM1606,cam22,28 BK Mervada tran Rasta,2026-09-05 15:41:28 UTC,3204,0.982,0.695,,
GJ06PJ9208,cam22,28 BK Mervada tran Rasta,2026-09-05 15:42:30 UTC,3222,0.992,0.631,,
GJ08DS99,cam22,28 BK Mervada tran Rasta,2026-09-05 15:42:58 UTC,3231,0.890,0.555,,
GJORAU521,cam22,28 BK Mervada tran Rasta,2026-09-05 15:45:50 UTC,3280,0.933,0.666,,
GJ08CK9844,cam22,28 BK Mervada tran Rasta,2026-09-05 15:46:42 UTC,3295,0.971,0.643,,
GJ18BV7419,cam22,28 BK Mervada tran Rasta,2026-09-05 15:49:31 UTC,3343,0.989,0.606,,
UDEF681,cam22,28 BK Mervada tran Rasta,2026-09-05 15:51:34 UTC,3382,0.678,0.657,,
SA0,cam22,28 BK Mervada tran Rasta,2026-09-05 15:52:46 UTC,3403,0.452,0.404,,
GJ02ZZ9071,cam22,28 BK Mervada tran Rasta,2026-09-05 15:52:49 UTC,3403,0.991,0.674,,
GJ08CH6192,cam22,28 BK Mervada tran Rasta,2026-09-05 15:53:25 UTC,3414,0.988,0.496,,
GJ38BK9016,cam22,28 BK Mervada tran Rasta,2026-09-05 15:55:36 UTC,3452,0.995,0.697,,
GJ23CJ1397,cam22,28 BK Mervada tran Rasta,2026-09-05 15:56:19 UTC,3463,0.996,0.612,,
GJ01V28588,cam22,28 BK Mervada tran Rasta,2026-09-05 15:56:28 UTC,3465,0.927,0.677,,
GJ01N9901,cam22,28 BK Mervada tran Rasta,2026-09-05 15:56:33 UTC,3466,0.727,0.418,,
GJ27AH0143,cam22,28 BK Mervada tran Rasta,2026-09-05 15:59:12 UTC,3516,0.961,0.645,,
GJ08N3929,cam22,28 BK Mervada tran Rasta,2026-09-05 16:00:44 UTC,3542,0.836,0.509,,
GJ08DD7164,cam22,28 BK Mervada tran Rasta,2026-09-05 16:00:57 UTC,3546,0.972,0.680,,
GJ02EG2482,cam22,28 BK Mervada tran Rasta,2026-09-05 16:02:09 UTC,3567,0.960,0.637,,
GJ02EK5592,cam22,28 BK Mervada tran Rasta,2026-09-05 16:02:48 UTC,3578,0.991,0.648,,
GJ01RN9528,cam22,28 BK Mervada tran Rasta,2026-09-05 16:03:23 UTC,3588,0.974,0.666,,
G102815900,cam22,28 BK Mervada tran Rasta,2026-09-05 16:03:57 UTC,3596,0.976,0.606,,
18600822,cam22,28 BK Mervada tran Rasta,2026-09-05 16:04:23 UTC,3604,0.892,0.618,,
0J18Z12256,cam22,28 BK Mervada tran Rasta,2026-09-05 16:05:32 UTC,3626,0.936,0.684,,
GJ08002758,cam22,28 BK Mervada tran Rasta,2026-09-05 16:07:03 UTC,3653,0.981,0.600,,
0J0ZEG2248,cam22,28 BK Mervada tran Rasta,2026-09-05 16:08:44 UTC,3682,0.889,0.664,,
MAHINDRA,cam22,28 BK Mervada tran Rasta,2026-09-05 16:09:05 UTC,3688,0.981,0.545,,
GHA003594,cam22,28 BK Mervada tran Rasta,2026-09-05 16:10:20 UTC,3710,0.488,0.551,,
63085,cam22,28 BK Mervada tran Rasta,2026-09-05 16:13:15 UTC,3759,0.655,0.615,,
GJ08CR8399,cam22,28 BK Mervada tran Rasta,2026-09-05 16:14:47 UTC,3786,0.993,0.644,,
GJ18BJ1589,cam22,28 BK Mervada tran Rasta,2026-09-05 16:15:21 UTC,3798,0.978,0.635,,
GJ24K2716,cam22,28 BK Mervada tran Rasta,2026-09-05 16:15:32 UTC,3800,0.996,0.676,,
GJ19AF6960,cam22,28 BK Mervada tran Rasta,2026-09-05 16:15:55 UTC,3806,0.997,0.606,,
GJ02EK4518,cam22,28 BK Mervada tran Rasta,2026-09-05 16:20:30 UTC,3888,0.994,0.659,,
GJ02CP7649,cam22,28 BK Mervada tran Rasta,2026-09-05 16:20:34 UTC,3889,0.995,0.712,,
GJ09A07721,cam22,28 BK Mervada tran Rasta,2026-09-05 16:20:47 UTC,3894,0.845,0.405,,
GJ27EB4486,cam22,28 BK Mervada tran Rasta,2026-09-05 16:21:50 UTC,3910,0.979,0.648,,
WO1L10283,cam22,28 BK Mervada tran Rasta,2026-09-05 16:22:05 UTC,3915,0.528,0.700,,
ONDN13830,cam22,28 BK Mervada tran Rasta,2026-09-05 16:22:41 UTC,3925,0.494,0.612,,
GJ08APB155,cam22,28 BK Mervada tran Rasta,2026-09-05 16:22:46 UTC,3926,0.974,0.663,,
GJ08BF5628,cam22,28 BK Mervada tran Rasta,2026-09-05 16:23:07 UTC,3932,0.934,0.627,,
GJ08884133,cam22,28 BK Mervada tran Rasta,2026-09-05 16:23:22 UTC,3937,0.951,0.665,,
GJ08DG5226,cam22,28 BK Mervada tran Rasta,2026-09-05 16:23:35 UTC,3940,0.957,0.603,,
GJ08FA7261,cam22,28 BK Mervada tran Rasta,2026-09-05 16:23:56 UTC,3947,0.987,0.410,,
GJ09BH0493,cam22,28 BK Mervada tran Rasta,2026-09-05 16:25:18 UTC,3971,0.994,0.564,,
GJ02EK8147,cam22,28 BK Mervada tran Rasta,2026-09-05 16:25:33 UTC,3975,0.991,0.414,,
GJ02EC3821,cam22,28 BK Mervada tran Rasta,2026-09-05 16:27:06 UTC,4002,0.982,0.683,,
GJ08CC4804,cam22,28 BK Mervada tran Rasta,2026-09-05 16:27:37 UTC,4012,0.993,0.674,,
GJ08CR1596,cam22,28 BK Mervada tran Rasta,2026-09-05 16:30:17 UTC,4059,0.992,0.686,,
0GJ18BF01287IO1,cam22,28 BK Mervada tran Rasta,2026-09-05 16:31:15 UTC,4074,0.797,0.651,,
GJ15CF3114,cam22,28 BK Mervada tran Rasta,2026-09-05 16:33:49 UTC,4118,1.000,0.669,,
GJ08F8964,cam22,28 BK Mervada tran Rasta,2026-09-05 16:34:16 UTC,4128,0.997,0.652,,
GJ02EC6965,cam22,28 BK Mervada tran Rasta,2026-09-05 16:36:37 UTC,4166,0.994,0.662,,
GJ27BL3567,cam22,28 BK Mervada tran Rasta,2026-09-05 16:37:12 UTC,4180,0.934,0.465,,
10BAU6282,cam22,28 BK Mervada tran Rasta,2026-09-05 16:37:42 UTC,4187,0.809,0.623,,
GJ18EF6486,cam22,28 BK Mervada tran Rasta,2026-09-05 16:37:57 UTC,4192,0.953,0.632,,
GJ08CC4466,cam22,28 BK Mervada tran Rasta,2026-09-05 16:39:51 UTC,4225,0.974,0.687,,
GJ080J7791,cam22,28 BK Mervada tran Rasta,2026-09-05 16:40:20 UTC,4233,0.959,0.535,,
27GG,cam22,28 BK Mervada tran Rasta,2026-09-05 16:40:41 UTC,4238,0.930,0.615,,
RJ19UC9371,cam22,28 BK Mervada tran Rasta,2026-09-05 16:41:05 UTC,4247,0.992,0.625,,
CJ08CM8185,cam22,28 BK Mervada tran Rasta,2026-09-05 16:43:16 UTC,4284,0.930,0.670,,
7GJ39CD4500,cam22,28 BK Mervada tran Rasta,2026-09-05 16:45:22 UTC,4321,0.941,0.686,,
PCTONVN2,cam22,28 BK Mervada tran Rasta,2026-09-05 16:47:13 UTC,4352,0.498,0.432,,
GJ08FA2583,cam22,28 BK Mervada tran Rasta,2026-09-05 16:47:27 UTC,4358,0.988,0.650,,
6J08BH2406,cam22,28 BK Mervada tran Rasta,2026-09-05 16:48:19 UTC,4374,0.963,0.643,,
GJ08DJ5462,cam22,28 BK Mervada tran Rasta,2026-09-05 16:49:01 UTC,4383,0.880,0.635,,
GJ08BN2519,cam22,28 BK Mervada tran Rasta,2026-09-05 16:49:03 UTC,4384,0.981,0.406,,
GJ21CB9792,cam22,28 BK Mervada tran Rasta,2026-09-05 16:50:16 UTC,4407,0.977,0.576,,
GJ02DM8359,cam22,28 BK Mervada tran Rasta,2026-09-05 16:53:40 UTC,4467,0.923,0.643,,
GJ09BL5360,cam22,28 BK Mervada tran Rasta,2026-09-05 16:53:50 UTC,4471,0.937,0.500,,
0024A0964,cam22,28 BK Mervada tran Rasta,2026-09-05 16:58:00 UTC,4545,0.644,0.520,,
GJ24AA0564,cam22,28 BK Mervada tran Rasta,2026-09-05 16:58:03 UTC,4545,0.975,0.660,,
188ND028,cam22,28 BK Mervada tran Rasta,2026-09-05 16:59:47 UTC,4574,0.610,0.651,,
SIKOTAR,cam22,28 BK Mervada tran Rasta,2026-09-05 17:00:54 UTC,4593,1.000,0.621,,
GJ05CJ4470,cam22,28 BK Mervada tran Rasta,2026-09-05 17:02:07 UTC,4616,0.997,0.671,,
WJORYV6586,cam22,28 BK Mervada tran Rasta,2026-09-05 17:02:09 UTC,4617,0.692,0.572,,
61J8888253,cam22,28 BK Mervada tran Rasta,2026-09-05 17:03:22 UTC,4637,0.697,0.492,,
GJ098N5958,cam22,28 BK Mervada tran Rasta,2026-09-05 17:03:41 UTC,4645,0.972,0.676,,
GJ088B3899,cam22,28 BK Mervada tran Rasta,2026-09-05 17:04:13 UTC,4652,0.916,0.533,,
GJ08CK1982,cam22,28 BK Mervada tran Rasta,2026-09-05 17:04:39 UTC,4660,0.992,0.622,,
J081A163,cam22,28 BK Mervada tran Rasta,2026-09-05 17:05:25 UTC,4673,0.679,0.739,,
GJ08DP3986,cam22,28 BK Mervada tran Rasta,2026-09-05 17:07:16 UTC,4702,0.945,0.699,,
GJ08FB0316,cam22,28 BK Mervada tran Rasta,2026-09-05 17:11:03 UTC,4772,0.993,0.663,,
GJ06EH8370,cam22,28 BK Mervada tran Rasta,2026-09-05 17:11:49 UTC,4785,0.989,0.651,,
GJ0BCC1477,cam22,28 BK Mervada tran Rasta,2026-09-05 17:11:50 UTC,4785,0.949,0.651,,
GJ18BE8884,cam22,28 BK Mervada tran Rasta,2026-09-05 17:11:59 UTC,4788,0.992,0.695,,
GJ08AJ8299,cam22,28 BK Mervada tran Rasta,2026-09-05 17:15:01 UTC,4841,0.991,0.623,,
6J00001239,cam22,28 BK Mervada tran Rasta,2026-09-05 17:15:29 UTC,4850,0.620,0.605,,
GJ02AT4012,cam22,28 BK Mervada tran Rasta,2026-09-05 17:15:36 UTC,4851,0.972,0.629,,
GJ188E6135,cam22,28 BK Mervada tran Rasta,2026-09-05 17:15:51 UTC,4854,0.952,0.651,,
GJ080D5884,cam22,28 BK Mervada tran Rasta,2026-09-05 17:16:22 UTC,4863,0.912,0.649,,
GJ08DD5884,cam22,28 BK Mervada tran Rasta,2026-09-05 17:16:24 UTC,4863,0.994,0.674,,
J08BN0682,cam22,28 BK Mervada tran Rasta,2026-09-05 17:17:27 UTC,4883,0.948,0.545,,
GJ15CL8419,cam22,28 BK Mervada tran Rasta,2026-09-05 17:18:36 UTC,4903,0.979,0.671,,
GJ15CL8419,cam22,28 BK Mervada tran Rasta,2026-09-05 17:18:38 UTC,4903,0.999,0.663,,
GJ18BP0026,cam22,28 BK Mervada tran Rasta,2026-09-05 17:19:09 UTC,4911,0.983,0.620,,
GJ06PG7144,cam22,28 BK Mervada tran Rasta,2026-09-05 17:20:13 UTC,4931,0.949,0.664,,
P,cam12,12 Tri Mandir Adalaj Tollnaka,2026-09-05 17:21:18 UTC,38533182,0.819,0.459,,
GJ08AP5130,cam22,28 BK Mervada tran Rasta,2026-09-05 17:22:39 UTC,4973,0.996,0.588,,
108,cam22,28 BK Mervada tran Rasta,2026-09-05 17:24:25 UTC,5005,0.950,0.753,,
16Z995,cam22,28 BK Mervada tran Rasta,2026-09-05 17:25:42 UTC,5027,0.557,0.599,,
1,cam12,12 Tri Mandir Adalaj Tollnaka,2026-09-05 17:28:11 UTC,38951032,0.731,0.619,,
GJ02CP6769,cam22,28 BK Mervada tran Rasta,2026-09-05 17:29:42 UTC,5097,0.994,0.475,,
GASV9616,cam22,28 BK Mervada tran Rasta,2026-09-05 17:31:07 UTC,5122,0.667,0.554,,
0001V9784,cam12,12 Tri Mandir Adalaj Tollnaka,2026-09-05 17:31:33 UTC,39153032,0.911,0.601,,
GJ38BJ2318,cam22,28 BK Mervada tran Rasta,2026-09-05 17:32:12 UTC,5139,0.995,0.682,,
GJ23CA1055,cam22,28 BK Mervada tran Rasta,2026-09-05 17:32:51 UTC,5151,0.986,0.680,,
GJ01KM0142,cam22,28 BK Mervada tran Rasta,2026-09-05 17:32:54 UTC,5152,0.954,0.677,,
HEDPSHOE6040,cam12,12 Tri Mandir Adalaj Tollnaka,2026-09-05 17:33:05 UTC,39241032,0.484,0.585,,
LLST,cam12,12 Tri Mandir Adalaj Tollnaka,2026-09-05 17:36:18 UTC,39439032,0.424,0.688,,
NL,cam12,12 Tri Mandir Adalaj Tollnaka,2026-09-05 17:36:34 UTC,39455032,0.485,0.545,,
GJ01RD4319,cam22,28 BK Mervada tran Rasta,2026-09-05 17:37:57 UTC,5243,0.986,0.673,,
GJ08DM6861,cam22,28 BK Mervada tran Rasta,2026-09-05 17:38:24 UTC,5249,0.988,0.656,,
JUIN,cam22,28 BK Mervada tran Rasta,2026-09-05 17:38:32 UTC,5252,0.924,0.401,,
GJ23CE5320,cam22,28 BK Mervada tran Rasta,2026-09-05 17:39:21 UTC,5267,1.000,0.668,,
GJ01HV5808,cam22,28 BK Mervada tran Rasta,2026-09-05 17:40:10 UTC,5279,0.986,0.657,,
AR11A7623,cam12,12 Tri Mandir Adalaj Tollnaka,2026-09-05 17:40:38 UTC,39696082,1.000,0.440,,
GJ08006737,cam22,28 BK Mervada tran Rasta,2026-09-05 17:41:17 UTC,5300,0.963,0.678,,
GJO1WK6108,cam22,28 BK Mervada tran Rasta,2026-09-05 17:42:38 UTC,5324,0.949,0.704,,
GJ23CB1067,cam22,28 BK Mervada tran Rasta,2026-09-05 17:42:41 UTC,5325,0.998,0.674,,
GJ02DE631,cam22,28 BK Mervada tran Rasta,2026-09-05 17:49:58 UTC,5450,0.977,0.631,,
10BDG9213,cam22,28 BK Mervada tran Rasta,2026-09-05 17:50:06 UTC,5454,0.537,0.508,,
GJ12FH1752,cam22,28 BK Mervada tran Rasta,2026-09-05 17:57:36 UTC,5585,0.999,0.473,,
GJ33T5028,cam22,28 BK Mervada tran Rasta,2026-09-05 17:59:56 UTC,5625,0.940,0.446,,
GJ08CH9511,cam22,28 BK Mervada tran Rasta,2026-09-05 18:01:16 UTC,5647,0.986,0.586,,
GJ06RF2538,cam22,28 BK Mervada tran Rasta,2026-09-05 18:02:34 UTC,5672,0.983,0.644,,
GJ08AP7144,cam22,28 BK Mervada tran Rasta,2026-09-05 18:02:43 UTC,5676,0.911,0.627,,
GJ01RD0841,cam22,28 BK Mervada tran Rasta,2026-09-05 18:03:22 UTC,5686,0.954,0.584,,
GJ24BF9309,cam22,28 BK Mervada tran Rasta,2026-09-05 18:05:53 UTC,5729,0.978,0.628,,
GJ23CF1114,cam22,28 BK Mervada tran Rasta,2026-09-05 18:06:29 UTC,5741,0.946,0.665,,
GJ27TD3437,cam22,28 BK Mervada tran Rasta,2026-09-05 18:09:58 UTC,5799,0.999,0.602,,
GJ01KY7305,cam22,28 BK Mervada tran Rasta,2026-09-05 18:11:00 UTC,5820,0.989,0.640,,
GJ02EK7139,cam22,28 BK Mervada tran Rasta,2026-09-05 18:11:05 UTC,5821,0.998,0.665,,
GJ01WN6591,cam22,28 BK Mervada tran Rasta,2026-09-05 18:11:20 UTC,5826,0.971,0.675,,
GJOBAY5007,cam22,28 BK Mervada tran Rasta,2026-09-05 18:11:33 UTC,5828,0.898,0.567,,
GJ08DP0764,cam22,28 BK Mervada tran Rasta,2026-09-05 18:11:41 UTC,5831,0.984,0.623,,
GJ18BA1802,cam22,28 BK Mervada tran Rasta,2026-09-05 18:12:28 UTC,5846,0.961,0.679,,
GJ02CA5830,cam22,28 BK Mervada tran Rasta,2026-09-05 18:12:32 UTC,5847,0.974,0.652,,
GJ0822731,cam22,28 BK Mervada tran Rasta,2026-09-05 18:13:07 UTC,5857,0.935,0.615,,
GJ01WF5052,cam22,28 BK Mervada tran Rasta,2026-09-05 18:15:20 UTC,5894,0.973,0.621,,
Q0080G6802,cam22,28 BK Mervada tran Rasta,2026-09-05 18:16:58 UTC,5922,0.820,0.529,,
GJ01HU9227,cam22,28 BK Mervada tran Rasta,2026-09-05 18:19:28 UTC,5967,0.992,0.612,,
GJ01WF7558,cam22,28 BK Mervada tran Rasta,2026-09-05 18:19:39 UTC,5969,0.985,0.687,,
GJ090C4635,cam22,28 BK Mervada tran Rasta,2026-09-05 18:19:47 UTC,5971,0.879,0.619,,
GJ08CK2987,cam22,28 BK Mervada tran Rasta,2026-09-05 18:20:26 UTC,5985,0.998,0.636,,
GJ028P3066,cam22,28 BK Mervada tran Rasta,2026-09-05 18:20:56 UTC,5992,0.983,0.543,,
GJ02CP4084,cam22,28 BK Mervada tran Rasta,2026-09-05 18:22:07 UTC,6012,0.994,0.657,,
GJ19AF4200,cam22,28 BK Mervada tran Rasta,2026-09-05 18:24:14 UTC,6048,0.999,0.600,,
GJ16003373,cam22,28 BK Mervada tran Rasta,2026-09-05 18:25:49 UTC,6076,0.924,0.581,,
GJ24AM6763,cam22,28 BK Mervada tran Rasta,2026-09-05 18:29:05 UTC,6134,0.987,0.658,,
GJ18ZT1189,cam22,28 BK Mervada tran Rasta,2026-09-05 18:29:09 UTC,6135,0.962,0.690,,
GJOBAK2561,cam22,28 BK Mervada tran Rasta,2026-09-05 18:29:43 UTC,6146,0.931,0.618,,
138211129,cam22,28 BK Mervada tran Rasta,2026-09-05 18:30:28 UTC,6159,0.788,0.526,,
6A5590,cam22,28 BK Mervada tran Rasta,2026-09-05 18:31:05 UTC,6170,0.927,0.666,,
GJ08DJ81,cam22,28 BK Mervada tran Rasta,2026-09-05 18:31:24 UTC,6176,0.991,0.637,,
RJ24CA7520,cam22,28 BK Mervada tran Rasta,2026-09-05 18:31:41 UTC,6181,0.997,0.597,,
BXZ534,cam22,28 BK Mervada tran Rasta,2026-09-05 18:33:00 UTC,6202,0.756,0.426,,
AGRG87530,cam22,28 BK Mervada tran Rasta,2026-09-05 18:33:06 UTC,6204,0.654,0.439,,
GJ11BR6534,cam22,28 BK Mervada tran Rasta,2026-09-05 18:34:00 UTC,6222,0.996,0.640,,
GJ02DA1614,cam22,28 BK Mervada tran Rasta,2026-09-05 18:34:01 UTC,6222,0.960,0.477,,
POLICE,cam22,28 BK Mervada tran Rasta,2026-09-05 18:34:19 UTC,6226,0.924,0.422,,
GJ0BBN7383,cam22,28 BK Mervada tran Rasta,2026-09-05 18:35:43 UTC,6249,0.944,0.591,,
GJ08CS3349,cam22,28 BK Mervada tran Rasta,2026-09-05 18:36:34 UTC,6265,0.993,0.547,,
0363202675,cam22,28 BK Mervada tran Rasta,2026-09-05 18:36:53 UTC,6270,0.731,0.471,,
DL8CAN0402,cam22,28 BK Mervada tran Rasta,2026-09-05 18:38:12 UTC,6294,0.911,0.629,,
GJ08BF7604,cam22,28 BK Mervada tran Rasta,2026-09-05 18:41:07 UTC,6345,0.950,0.678,,
GJ08ER7283,cam22,28 BK Mervada tran Rasta,2026-09-05 18:43:33 UTC,6387,0.905,0.426,,
GJ02CP5431,cam22,28 BK Mervada tran Rasta,2026-09-05 18:47:50 UTC,6462,0.993,0.658,,
GJ08DS1993,cam22,28 BK Mervada tran Rasta,2026-09-05 18:48:32 UTC,6471,0.997,0.626,,
335,cam22,28 BK Mervada tran Rasta,2026-09-05 18:48:58 UTC,6482,0.795,0.549,,
GJ08DJ6902,cam22,28 BK Mervada tran Rasta,2026-09-05 18:49:09 UTC,6485,0.992,0.576,,
1,cam12,12 Tri Mandir Adalaj Tollnaka,2026-09-05 18:49:23 UTC,43825708,0.465,0.483,,
GJ08DG7909,cam22,28 BK Mervada tran Rasta,2026-09-05 18:50:45 UTC,6514,0.992,0.679,,
GJ08DG7909,cam22,28 BK Mervada tran Rasta,2026-09-05 18:50:47 UTC,6514,0.904,0.672,,
GJ08DJ8906,cam22,28 BK Mervada tran Rasta,2026-09-05 18:51:33 UTC,6527,0.991,0.652,,
GJ04CJ5188,cam22,28 BK Mervada tran Rasta,2026-09-05 18:52:52 UTC,6551,0.989,0.652,,
GJ02CP4040,cam22,28 BK Mervada tran Rasta,2026-09-05 18:53:08 UTC,6555,0.993,0.584,,
6J23M9909,cam22,28 BK Mervada tran Rasta,2026-09-05 18:54:18 UTC,6576,0.940,0.464,,
GJOBA,cam22,28 BK Mervada tran Rasta,2026-09-05 18:54:38 UTC,6583,0.727,0.620,,
GJ18BC6316,cam22,28 BK Mervada tran Rasta,2026-09-05 18:55:00 UTC,6588,0.997,0.496,,
J08CS9948,cam22,28 BK Mervada tran Rasta,2026-09-05 18:55:04 UTC,6590,0.957,0.618,,
TURIESTRE,cam12,12 Tri Mandir Adalaj Tollnaka,2026-09-05 18:55:41 UTC,44204108,0.572,0.454,,
GJ08AE3405,cam22,28 BK Mervada tran Rasta,2026-09-05 18:56:06 UTC,6609,0.982,0.624,,
GJYBEBGT,cam22,28 BK Mervada tran Rasta,2026-09-05 18:56:11 UTC,6610,0.849,0.458,,
GJ05CS6086,cam22,28 BK Mervada tran Rasta,2026-09-05 18:58:29 UTC,6648,0.990,0.680,,
GJ08DM3012,cam22,28 BK Mervada tran Rasta,2026-09-05 18:58:59 UTC,6659,0.989,0.644,,
AR01R7002,cam12,12 Tri Mandir Adalaj Tollnaka,2026-09-05 18:59:51 UTC,44454758,0.945,0.493,,
GJ17CE4116,cam22,28 BK Mervada tran Rasta,2026-09-05 19:00:22 UTC,6683,0.996,0.636,,
6113AT1698,cam22,28 BK Mervada tran Rasta,2026-09-05 19:00:26 UTC,6684,0.891,0.661,,
GJ13A71698,cam22,28 BK Mervada tran Rasta,2026-09-05 19:00:30 UTC,6684,0.942,0.689,,
GJ02DE4237,cam22,28 BK Mervada tran Rasta,2026-09-05 19:01:20 UTC,6699,0.987,0.630,,
GJ02DE4237,cam22,28 BK Mervada tran Rasta,2026-09-05 19:01:23 UTC,6699,0.988,0.683,,
6308C67002,cam22,28 BK Mervada tran Rasta,2026-09-05 19:01:26 UTC,6701,0.815,0.536,,
GJ08DH6060,cam22,28 BK Mervada tran Rasta,2026-09-05 19:01:28 UTC,6703,0.895,0.639,,
GJ06E07392,cam22,28 BK Mervada tran Rasta,2026-09-05 19:03:07 UTC,6729,0.992,0.586,,
FCJIE016232,cam12,12 Tri Mandir Adalaj Tollnaka,2026-09-05 19:03:48 UTC,44686758,0.534,0.468,,
GJ16AV0592,cam22,28 BK Mervada tran Rasta,2026-09-05 19:04:38 UTC,6758,0.997,0.574,,
GJ01NU6319,cam22,28 BK Mervada tran Rasta,2026-09-05 19:04:43 UTC,6760,0.954,0.675,,
GJ08DJ9900,cam22,28 BK Mervada tran Rasta,2026-09-05 19:04:45 UTC,6760,0.973,0.679,,
2234,cam22,28 BK Mervada tran Rasta,2026-09-05 19:05:06 UTC,6766,0.998,0.675,,
GJ35AA3671,cam22,28 BK Mervada tran Rasta,2026-09-05 19:05:11 UTC,6767,0.999,0.660,,
GJ01KH7519316,cam22,28 BK Mervada tran Rasta,2026-09-05 19:05:43 UTC,6775,0.744,0.573,,
ARTIOIIZZ,cam12,12 Tri Mandir Adalaj Tollnaka,2026-09-05 19:05:58 UTC,44814758,0.735,0.562,,
GJ08FA0432,cam22,28 BK Mervada tran Rasta,2026-09-05 19:06:13 UTC,6783,0.995,0.619,,
G102B03285,cam22,28 BK Mervada tran Rasta,2026-09-05 19:06:20 UTC,6785,0.937,0.651,,
GJ08DG3644,cam22,28 BK Mervada tran Rasta,2026-09-05 19:06:23 UTC,6787,0.930,0.610,,
GJ24AF9826,cam22,28 BK Mervada tran Rasta,2026-09-05 19:07:20 UTC,6803,0.995,0.645,,
TATA,cam12,12 Tri Mandir Adalaj Tollnaka,2026-09-05 19:08:14 UTC,44950758,0.974,0.449,,
GJ08DN4325,cam22,28 BK Mervada tran Rasta,2026-09-05 19:08:33 UTC,6823,0.924,0.618,,
GJ08EA2166,cam22,28 BK Mervada tran Rasta,2026-09-05 19:09:23 UTC,6839,0.938,0.646,,
GJ2411065,cam22,28 BK Mervada tran Rasta,2026-09-05 19:09:35 UTC,6843,0.893,0.663,,
GJ10EH2105,cam22,28 BK Mervada tran Rasta,2026-09-05 19:10:56 UTC,6867,0.996,0.624,,
WWWIAH10,cam22,28 BK Mervada tran Rasta,2026-09-05 19:12:53 UTC,6901,0.677,0.416,,
GJ02EG9559,cam22,28 BK Mervada tran Rasta,2026-09-05 19:13:01 UTC,6903,0.998,0.632,,
SJ01KF8753,cam22,28 BK Mervada tran Rasta,2026-09-05 19:16:31 UTC,6964,0.992,0.464,,
GJ02ER3549,cam22,28 BK Mervada tran Rasta,2026-09-05 19:16:53 UTC,6970,0.991,0.676,,
GROUN2001103062,cam12,12 Tri Mandir Adalaj Tollnaka,2026-09-05 19:17:01 UTC,45480758,0.631,0.623,,
GJ24A03957,cam22,28 BK Mervada tran Rasta,2026-09-05 19:19:05 UTC,7007,0.995,0.594,,
GJ08BH4062,cam22,28 BK Mervada tran Rasta,2026-09-05 19:19:34 UTC,7018,0.932,0.521,,
MH02DG2284,cam22,28 BK Mervada tran Rasta,2026-09-05 19:20:16 UTC,7028,0.877,0.659,,
GJ12FB3366,cam22,28 BK Mervada tran Rasta,2026-09-05 19:24:22 UTC,7101,0.958,0.611,,
